year,first_name,n,total
1921,աստղիկ,39,2373
1921,սիրանուշ,32,2373
1921,սուրեն,29,2373
1921,լուսիկ,28,2373
1921,հայկանուշ,27,2373
1921,հասմիկ,27,2373
1921,սաթենիկ,27,2373
1921,վարդանուշ,27,2373
1921,մարիամ,26,2373
1921,արուսյակ,24,2373
1921,վարդուշ,24,2373
1921,արաքսյա,21,2373
1921,քնարիկ,21,2373
1921,արեվհատ,20,2373
1921,թամարա,20,2373
1921,ռոզա,20,2373
1921,աննա,19,2373
1921,աշխեն,19,2373
1921,գոհարիկ,18,2373
1921,սիրուշ,17,2373
1921,աղունիկ,16,2373
1921,անահիտ,16,2373
1921,արաքսի,16,2373
1921,հայաստան,16,2373
1921,ամալյա,15,2373
1921,էմմա,15,2373
1921,մարիա,15,2373
1921,ծաղիկ,14,2373
1921,հովհաննես,14,2373
1921,նվարդ,14,2373
1921,սեդա,14,2373
1921,վարսենիկ,14,2373
1921,ազնիվ,13,2373
1921,մարուսյա,13,2373
1921,շուշիկ,13,2373
1921,աշոտ,12,2373
1921,արփենիկ,12,2373
1921,արփիկ,12,2373
1921,հրանուշ,12,2373
1921,մարգո,12,2373
1921,նինա,12,2373
1921,սարգիս,12,2373
1921,անիկ,11,2373
1921,արշալույս,11,2373
1921,արտավազդ,11,2373
1921,գոհար,11,2373
1921,հայկուշ,11,2373
1921,մանյա,11,2373
1921,մարգարիտ,11,2373
1921,շուշանիկ,11,2373
1921,սաթիկ,11,2373
1921,սերգեյ,11,2373
1922,սիրանուշ,56,3585
1922,աստղիկ,43,3585
1922,վարդուշ,43,3585
1922,անահիտ,39,3585
1922,արուսյակ,39,3585
1922,վարդանուշ,39,3585
1922,թամարա,36,3585
1922,սեդա,36,3585
1922,քնարիկ,36,3585
1922,արաքսյա,35,3585
1922,ռոզա,35,3585
1922,հասմիկ,34,3585
1922,պայծառ,34,3585
1922,մարիամ,33,3585
1922,արաքսի,32,3585
1922,արեվհատ,31,3585
1922,ծաղիկ,31,3585
1922,հայկանուշ,31,3585
1922,գոհար,29,3585
1922,սիրուշ,29,3585
1922,մարուսյա,28,3585
1922,սաթենիկ,28,3585
1922,աննա,27,3585
1922,վարսենիկ,27,3585
1922,լուսիկ,26,3585
1922,նինա,26,3585
1922,սուրեն,25,3585
1922,գոհարիկ,24,3585
1922,սաթիկ,24,3585
1922,աշխեն,23,3585
1922,արփիկ,23,3585
1922,նվարդ,23,3585
1922,ամալյա,22,3585
1922,արշալույս,22,3585
1922,շուշիկ,22,3585
1922,անուշ,20,3585
1922,արփենիկ,20,3585
1922,հայաստան,20,3585
1922,գեղեցիկ,19,3585
1922,մարգարիտ,19,3585
1922,մարիա,19,3585
1922,գուրգեն,18,3585
1922,հարություն,18,3585
1922,աշոտ,17,3585
1922,հովհաննես,17,3585
1922,հակոբ,16,3585
1922,սարգիս,16,3585
1922,սերգեյ,16,3585
1922,աղավնի,15,3585
1922,էմմա,15,3585
1922,խաչիկ,15,3585
1922,հռիփսիկ,15,3585
1922,հրանուշ,15,3585
1923,սիրանուշ,81,4850
1923,քնարիկ,74,4850
1923,աստղիկ,65,4850
1923,սեդա,63,4850
1923,վարդուշ,57,4850
1923,ռոզա,53,4850
1923,վարդանուշ,51,4850
1923,անահիտ,49,4850
1923,վարսենիկ,49,4850
1923,գոհարիկ,48,4850
1923,թամարա,47,4850
1923,մարուսյա,45,4850
1923,հայկանուշ,44,4850
1923,հասմիկ,43,4850
1923,արեվհատ,42,4850
1923,լուսիկ,42,4850
1923,արշալույս,37,4850
1923,սուրեն,37,4850
1923,ամալյա,36,4850
1923,մարիամ,36,4850
1923,արաքսի,34,4850
1923,արուսյակ,34,4850
1923,արփենիկ,34,4850
1923,հրանուշ,34,4850
1923,շուշանիկ,34,4850
1923,շուշիկ,34,4850
1923,սիրուշ,34,4850
1923,աշխեն,33,4850
1923,գոհար,33,4850
1923,հակոբ,31,4850
1923,էմմա,30,4850
1923,սաթենիկ,30,4850
1923,սաթիկ,29,4850
1923,հայկուշ,28,4850
1923,սարգիս,27,4850
1923,արփիկ,26,4850
1923,գեվորգ,26,4850
1923,գուրգեն,26,4850
1923,պայծառ,26,4850
1923,արաքսյա,25,4850
1923,ազնիվ,24,4850
1923,աղունիկ,24,4850
1923,աննա,24,4850
1923,աշոտ,24,4850
1923,հովհաննես,23,4850
1923,ժենյա,22,4850
1923,հռիփսիկ,22,4850
1923,մարիա,22,4850
1923,նվարդ,22,4850
1923,աղավնի,21,4850
1923,անուշ,21,4850
1923,ծաղիկ,21,4850
1923,հայաստան,21,4850
1923,նինա,21,4850
1924,ռոզա,145,7386
1924,սիրանուշ,141,7386
1924,սեդա,92,7386
1924,քնարիկ,84,7386
1924,աստղիկ,82,7386
1924,հայկանուշ,78,7386
1924,հասմիկ,78,7386
1924,վարդանուշ,74,7386
1924,վարդուշ,70,7386
1924,սուրեն,69,7386
1924,լուսիկ,67,7386
1924,անահիտ,64,7386
1924,հրանուշ,62,7386
1924,մարուսյա,59,7386
1924,արուսյակ,58,7386
1924,թամարա,56,7386
1924,ամալյա,55,7386
1924,սերյոժա,54,7386
1924,սաթենիկ,53,7386
1924,սարգիս,53,7386
1924,արաքսի,48,7386
1924,գուրգեն,48,7386
1924,աշխեն,47,7386
1924,արեվհատ,47,7386
1924,էմմա,47,7386
1924,սիրուշ,46,7386
1924,արաքսյա,45,7386
1924,արփենիկ,45,7386
1924,գեվորգ,45,7386
1924,վարսենիկ,45,7386
1924,շուշանիկ,44,7386
1924,գոհարիկ,43,7386
1924,հայաստան,42,7386
1924,հովհաննես,40,7386
1924,մարիամ,39,7386
1924,աղունիկ,38,7386
1924,գոհար,38,7386
1924,արփիկ,35,7386
1924,նվարդ,35,7386
1924,ժենյա,34,7386
1924,նինա,34,7386
1924,հակոբ,33,7386
1924,պայծառ,33,7386
1924,սաթիկ,33,7386
1924,աննա,32,7386
1924,աշոտ,32,7386
1924,ելենա,32,7386
1924,մարգարիտ,32,7386
1924,մարիա,32,7386
1924,շուշիկ,32,7386
1925,ռոզա,244,8413
1925,սեդա,157,8413
1925,սիրանուշ,138,8413
1925,աստղիկ,94,8413
1925,վարդանուշ,94,8413
1925,քնարիկ,88,8413
1925,լուսիկ,78,8413
1925,սուրեն,77,8413
1925,վարդուշ,76,8413
1925,հասմիկ,74,8413
1925,թամարա,68,8413
1925,մարուսյա,68,8413
1925,սերյոժա,67,8413
1925,հայկանուշ,66,8413
1925,անահիտ,65,8413
1925,սաթենիկ,65,8413
1925,արեվհատ,64,8413
1925,ամալյա,60,8413
1925,էմմա,56,8413
1925,հրանուշ,56,8413
1925,արուսյակ,55,8413
1925,հովհաննես,54,8413
1925,գուրգեն,53,8413
1925,ժենյա,53,8413
1925,մարիամ,53,8413
1925,շուշիկ,51,8413
1925,արփենիկ,50,8413
1925,արաքսի,48,8413
1925,սիրուշ,48,8413
1925,վարսենիկ,48,8413
1925,շուշանիկ,45,8413
1925,աշխեն,44,8413
1925,սարգիս,44,8413
1925,գոհարիկ,43,8413
1925,լեվոն,43,8413
1925,սերգեյ,43,8413
1925,աշոտ,42,8413
1925,հայկուշ,41,8413
1925,արաքսյա,40,8413
1925,արշալույս,40,8413
1925,օֆելյա,40,8413
1925,խաչիկ,39,8413
1925,մարգարիտ,39,8413
1925,լենա,37,8413
1925,մարգո,37,8413
1925,ելենա,36,8413
1925,արփիկ,35,8413
1925,բուրաստան,35,8413
1925,պայծառ,34,8413
1925,նվարդ,33,8413
1925,վազգեն,33,8413
1926,ռոզա,305,11183
1926,սեդա,177,11183
1926,սիրանուշ,156,11183
1926,քնարիկ,133,11183
1926,աստղիկ,110,11183
1926,վարդանուշ,105,11183
1926,հասմիկ,101,11183
1926,մարուսյա,96,11183
1926,թամարա,95,11183
1926,լուսիկ,94,11183
1926,վարդուշ,93,11183
1926,սարգիս,90,11183
1926,անահիտ,88,11183
1926,հայկանուշ,88,11183
1926,գուրգեն,87,11183
1926,էմմա,86,11183
1926,սաթենիկ,80,11183
1926,հրանուշ,73,11183
1926,սուրեն,72,11183
1926,սերյոժա,67,11183
1926,ամալյա,65,11183
1926,արուսյակ,65,11183
1926,գոհարիկ,65,11183
1926,սիրուշ,65,11183
1926,արաքսյա,64,11183
1926,վարսենիկ,63,11183
1926,ելենա,62,11183
1926,խաչիկ,62,11183
1926,հովհաննես,62,11183
1926,արփենիկ,61,11183
1926,ժենյա,61,11183
1926,նվարդ,61,11183
1926,շուշանիկ,61,11183
1926,արաքսի,60,11183
1926,մարիամ,58,11183
1926,շուշիկ,57,11183
1926,աշոտ,56,11183
1926,լենա,55,11183
1926,նինա,54,11183
1926,վազգեն,54,11183
1926,արշալույս,53,11183
1926,մարգարիտ,53,11183
1926,գեվորգ,50,11183
1926,արամայիս,47,11183
1926,արեվհատ,47,11183
1926,պայծառ,46,11183
1926,աննա,45,11183
1926,վոլոդյա,44,11183
1926,գառնիկ,43,11183
1926,գոհար,43,11183
1927,ռոզա,390,12855
1927,սիրանուշ,179,12855
1927,սեդա,171,12855
1927,քնարիկ,159,12855
1927,սերյոժա,122,12855
1927,աստղիկ,111,12855
1927,ժենյա,111,12855
1927,ամալյա,107,12855
1927,թամարա,106,12855
1927,վարդանուշ,103,12855
1927,հասմիկ,100,12855
1927,մարուսյա,97,12855
1927,սարգիս,96,12855
1927,վոլոդյա,95,12855
1927,հրանուշ,94,12855
1927,սուրեն,91,12855
1927,գուրգեն,89,12855
1927,վարդուշ,88,12855
1927,էմմա,87,12855
1927,հայկանուշ,87,12855
1927,գոհարիկ,85,12855
1927,լուսիկ,83,12855
1927,հովհաննես,79,12855
1927,արուսյակ,75,12855
1927,ռաֆիկ,74,12855
1927,վարսենիկ,71,12855
1927,անահիտ,69,12855
1927,գեվորգ,63,12855
1927,նինա,63,12855
1927,սիրուշ,62,12855
1927,լենա,60,12855
1927,մարիամ,60,12855
1927,աշոտ,59,12855
1927,արփենիկ,59,12855
1927,լեվոն,59,12855
1927,մարգո,59,12855
1927,արշալույս,58,12855
1927,նվարդ,58,12855
1927,խաչիկ,57,12855
1927,շուշանիկ,57,12855
1927,վլադիմիր,57,12855
1927,մարգարիտ,56,12855
1927,արեվհատ,55,12855
1927,արաքսյա,54,12855
1927,ելենա,53,12855
1927,օֆելյա,53,12855
1927,աշխեն,52,12855
1927,սերգեյ,52,12855
1927,արտավազդ,49,12855
1927,գառնիկ,49,12855
1927,հրանտ,49,12855
1927,սաթենիկ,49,12855
1928,ռոզա,484,15211
1928,սեդա,241,15211
1928,սիրանուշ,206,15211
1928,քնարիկ,176,15211
1928,թամարա,159,15211
1928,սերյոժա,159,15211
1928,հասմիկ,150,15211
1928,ժենյա,149,15211
1928,ամալյա,131,15211
1928,էմմա,124,15211
1928,վարդանուշ,118,15211
1928,աստղիկ,116,15211
1928,սուրեն,111,15211
1928,լենա,110,15211
1928,լուսիկ,110,15211
1928,վոլոդյա,109,15211
1928,հրանուշ,107,15211
1928,մարուսյա,106,15211
1928,սարգիս,106,15211
1928,անահիտ,104,15211
1928,հայկանուշ,104,15211
1928,ռաֆիկ,103,15211
1928,գոհարիկ,102,15211
1928,գուրգեն,96,15211
1928,արուսյակ,88,15211
1928,վարդուշ,88,15211
1928,սաթենիկ,83,15211
1928,վարսենիկ,82,15211
1928,վլադիմիր,78,15211
1928,նինա,76,15211
1928,գոհար,75,15211
1928,հովհաննես,75,15211
1928,վազգեն,74,15211
1928,արփենիկ,73,15211
1928,նվարդ,72,15211
1928,արեվհատ,68,15211
1928,արաքսի,66,15211
1928,արամայիս,65,15211
1928,արաքսյա,65,15211
1928,մարիամ,65,15211
1928,լեվոն,63,15211
1928,շուշանիկ,63,15211
1928,աշոտ,62,15211
1928,օֆելյա,61,15211
1928,հրանտ,60,15211
1928,սերգեյ,60,15211
1928,օֆիկ,60,15211
1928,բավական,59,15211
1928,հայաստան,59,15211
1928,սիրուշ,58,15211
1929,ռոզա,512,16162
1929,սեդա,230,16162
1929,սիրանուշ,204,16162
1929,քնարիկ,201,16162
1929,սերյոժա,186,16162
1929,էմմա,175,16162
1929,թամարա,149,16162
1929,վոլոդյա,149,16162
1929,ժենյա,148,16162
1929,ռաֆիկ,143,16162
1929,հասմիկ,136,16162
1929,ամալյա,131,16162
1929,լենա,129,16162
1929,աստղիկ,128,16162
1929,վարդանուշ,119,16162
1929,վլադիմիր,118,16162
1929,լուսիկ,111,16162
1929,ռիմա,107,16162
1929,մարուսյա,106,16162
1929,գուրգեն,105,16162
1929,սուրեն,105,16162
1929,հրանուշ,102,16162
1929,սարգիս,102,16162
1929,գոհարիկ,100,16162
1929,անահիտ,99,16162
1929,հայկանուշ,92,16162
1929,վարսենիկ,90,16162
1929,հովհաննես,87,16162
1929,սերգեյ,83,16162
1929,արուսյակ,79,16162
1929,վարդուշ,79,16162
1929,սաթենիկ,77,16162
1929,աշոտ,74,16162
1929,նինա,74,16162
1929,նվարդ,74,16162
1929,սիրուշ,72,16162
1929,վազգեն,71,16162
1929,արամայիս,70,16162
1929,արեվհատ,70,16162
1929,ելենա,69,16162
1929,հրաչիկ,69,16162
1929,մարգարիտ,68,16162
1929,կառլեն,67,16162
1929,հրանտ,67,16162
1929,մարգո,67,16162
1929,գառնիկ,66,16162
1929,արաքսի,65,16162
1929,պայծառ,64,16162
1929,ժորա,62,16162
1929,արփենիկ,61,16162
1930,ռոզա,577,17805
1930,սեդա,273,17805
1930,էմմա,230,17805
1930,վոլոդյա,211,17805
1930,սերյոժա,209,17805
1930,քնարիկ,190,17805
1930,ժենյա,173,17805
1930,հասմիկ,172,17805
1930,սիրանուշ,172,17805
1930,լենա,167,17805
1930,ամալյա,164,17805
1930,ռաֆիկ,158,17805
1930,թամարա,157,17805
1930,ռիմա,147,17805
1930,լուսիկ,126,17805
1930,մարուսյա,122,17805
1930,վլադիմիր,120,17805
1930,աստղիկ,117,17805
1930,սուրեն,117,17805
1930,հայկանուշ,108,17805
1930,գոհարիկ,103,17805
1930,վարդանուշ,100,17805
1930,արամայիս,98,17805
1930,գուրգեն,98,17805
1930,հրանուշ,96,17805
1930,ասյա,94,17805
1930,նինա,91,17805
1930,գառնիկ,90,17805
1930,վազգեն,89,17805
1930,ալբերտ,87,17805
1930,հրաչիկ,87,17805
1930,հովհաննես,86,17805
1930,սարգիս,84,17805
1930,անահիտ,83,17805
1930,հրանտ,82,17805
1930,վարդուշ,81,17805
1930,կիմա,78,17805
1930,օֆիկ,78,17805
1930,արաքսյա,75,17805
1930,արուսյակ,75,17805
1930,սիրուշ,75,17805
1930,գոհար,74,17805
1930,ժենիկ,74,17805
1930,մարգո,74,17805
1930,աշոտ,73,17805
1930,ելենա,72,17805
1930,լեվոն,72,17805
1930,ռազմիկ,71,17805
1930,օֆելյա,69,17805
1930,նվարդ,68,17805
1931,ռոզա,483,16311
1931,սեդա,263,16311
1931,էմմա,228,16311
1931,վոլոդյա,215,16311
1931,ռիմա,204,16311
1931,ռաֆիկ,198,16311
1931,սերյոժա,191,16311
1931,քնարիկ,189,16311
1931,ամալյա,154,16311
1931,հասմիկ,154,16311
1931,լենա,152,16311
1931,ժենյա,144,16311
1931,թամարա,142,16311
1931,սիրանուշ,142,16311
1931,ռազմիկ,121,16311
1931,սուրեն,103,16311
1931,վլադիմիր,103,16311
1931,աստղիկ,99,16311
1931,ալբերտ,96,16311
1931,մարուսյա,95,16311
1931,լուսիկ,93,16311
1931,կիմա,91,16311
1931,հրանուշ,91,16311
1931,ասյա,90,16311
1931,գուրգեն,90,16311
1931,հովհաննես,90,16311
1931,վազգեն,88,16311
1931,վարդուշ,88,16311
1931,գոհարիկ,87,16311
1931,սարգիս,86,16311
1931,սիրուշ,84,16311
1931,նինա,78,16311
1931,արամայիս,75,16311
1931,կառլեն,75,16311
1931,ժորա,73,16311
1931,հայկանուշ,73,16311
1931,գառնիկ,72,16311
1931,հրաչիկ,72,16311
1931,հրանտ,71,16311
1931,անահիտ,70,16311
1931,վարդանուշ,70,16311
1931,արուսյակ,69,16311
1931,մարգո,68,16311
1931,վարսենիկ,68,16311
1931,լիդա,67,16311
1931,ժենիկ,65,16311
1931,սերգեյ,64,16311
1931,սաթենիկ,63,16311
1931,օֆիկ,63,16311
1931,գեվորգ,62,16311
1932,ռոզա,537,18305
1932,էմմա,249,18305
1932,սեդա,249,18305
1932,ռիմա,239,18305
1932,քնարիկ,222,18305
1932,ռաֆիկ,221,18305
1932,լենա,211,18305
1932,հասմիկ,204,18305
1932,սերյոժա,196,18305
1932,վոլոդյա,196,18305
1932,ամալյա,168,18305
1932,ժենյա,164,18305
1932,թամարա,158,18305
1932,ռազմիկ,152,18305
1932,սիրանուշ,146,18305
1932,վլադիմիր,127,18305
1932,ասյա,124,18305
1932,ալբերտ,123,18305
1932,սուրեն,112,18305
1932,հրանուշ,108,18305
1932,գուրգեն,107,18305
1932,կիմա,106,18305
1932,ժենիկ,104,18305
1932,աստղիկ,103,18305
1932,լուսիկ,102,18305
1932,գոհարիկ,97,18305
1932,արամայիս,96,18305
1932,ժորա,96,18305
1932,հրաչիկ,96,18305
1932,մարուսյա,96,18305
1932,սարգիս,94,18305
1932,նինա,91,18305
1932,հովհաննես,88,18305
1932,սերգեյ,88,18305
1932,վարդուշ,87,18305
1932,լիդա,84,18305
1932,անահիտ,83,18305
1932,ելենա,82,18305
1932,սիրուշ,82,18305
1932,մարգո,81,18305
1932,վարդանուշ,81,18305
1932,օֆիկ,80,18305
1932,գառնիկ,73,18305
1932,վազգեն,70,18305
1932,հայկանուշ,68,18305
1932,հրանտ,67,18305
1932,գեվորգ,66,18305
1932,կառլեն,66,18305
1932,հռիփսիկ,66,18305
1932,արեվհատ,65,18305
1933,ռոզա,414,16175
1933,էմմա,234,16175
1933,ռիմա,221,16175
1933,սեդա,203,16175
1933,ռաֆիկ,198,16175
1933,քնարիկ,184,16175
1933,լենա,174,16175
1933,սերյոժա,167,16175
1933,ժենյա,160,16175
1933,ռազմիկ,160,16175
1933,վոլոդյա,151,16175
1933,հասմիկ,147,16175
1933,ամալյա,145,16175
1933,թամարա,137,16175
1933,սիրանուշ,123,16175
1933,ալբերտ,112,16175
1933,կիմա,111,16175
1933,ասյա,110,16175
1933,սուրեն,106,16175
1933,լուսիկ,104,16175
1933,հրաչիկ,96,16175
1933,աստղիկ,95,16175
1933,ժորա,95,16175
1933,հրանուշ,93,16175
1933,վարդուշ,89,16175
1933,սարգիս,86,16175
1933,վլադիմիր,86,16175
1933,գոհարիկ,85,16175
1933,վազգեն,81,16175
1933,ժենիկ,78,16175
1933,սերգեյ,77,16175
1933,լիդա,76,16175
1933,օֆիկ,76,16175
1933,գառնիկ,75,16175
1933,կառլեն,74,16175
1933,գուրգեն,73,16175
1933,ելենա,73,16175
1933,աշոտ,70,16175
1933,հովհաննես,69,16175
1933,մարուսյա,69,16175
1933,շուշիկ,68,16175
1933,գեվորգ,67,16175
1933,նինա,67,16175
1933,արամայիս,63,16175
1933,հայկանուշ,63,16175
1933,անահիտ,62,16175
1933,սիրուշ,59,16175
1933,խաչիկ,58,16175
1933,հրանտ,58,16175
1933,նվարդ,57,16175
1934,ռոզա,370,15635
1934,էմմա,243,15635
1934,ռիմա,233,15635
1934,սեդա,218,15635
1934,ռաֆիկ,196,15635
1934,քնարիկ,191,15635
1934,ռազմիկ,177,15635
1934,սերյոժա,154,15635
1934,հասմիկ,150,15635
1934,թամարա,146,15635
1934,վոլոդյա,139,15635
1934,ամալյա,133,15635
1934,ալբերտ,132,15635
1934,ժենյա,132,15635
1934,ասյա,122,15635
1934,սիրանուշ,109,15635
1934,լենա,107,15635
1934,սուրեն,106,15635
1934,կիմա,93,15635
1934,լուսիկ,90,15635
1934,լիդա,86,15635
1934,աստղիկ,85,15635
1934,մարուսյա,85,15635
1934,վլադիմիր,85,15635
1934,գուրգեն,80,15635
1934,վազգեն,79,15635
1934,ժորա,77,15635
1934,նինա,77,15635
1934,հրանտ,76,15635
1934,հրանուշ,75,15635
1934,գառնիկ,74,15635
1934,հովհաննես,74,15635
1934,կառլեն,69,15635
1934,մարգո,69,15635
1934,սարգիս,68,15635
1934,ժենիկ,66,15635
1934,գոհարիկ,64,15635
1934,օֆիկ,64,15635
1934,արամայիս,63,15635
1934,հրաչիկ,63,15635
1934,միշա,63,15635
1934,անահիտ,60,15635
1934,գոհար,60,15635
1934,խաչիկ,58,15635
1934,վարդանուշ,58,15635
1934,վարդուշ,56,15635
1934,աշոտ,55,15635
1934,հենրիկ,55,15635
1934,գեվորգ,54,15635
1934,արաքսի,52,15635
1934,ելենա,52,15635
1935,ռոզա,474,21751
1935,ռիմա,341,21751
1935,ռաֆիկ,319,21751
1935,ռազմիկ,302,21751
1935,սեդա,296,21751
1935,էմմա,289,21751
1935,քնարիկ,273,21751
1935,վոլոդյա,255,21751
1935,սերյոժա,206,21751
1935,ալբերտ,203,21751
1935,թամարա,198,21751
1935,ամալյա,195,21751
1935,հասմիկ,194,21751
1935,լենա,179,21751
1935,ժենյա,175,21751
1935,լիդա,166,21751
1935,սիրանուշ,163,21751
1935,ասյա,155,21751
1935,կիմա,142,21751
1935,սուրեն,142,21751
1935,աստղիկ,114,21751
1935,լուսիկ,112,21751
1935,գուրգեն,111,21751
1935,հենրիկ,107,21751
1935,հրանուշ,106,21751
1935,վարդուշ,104,21751
1935,գառնիկ,103,21751
1935,աշոտ,101,21751
1935,գոհարիկ,101,21751
1935,ժորա,101,21751
1935,մարուսյա,99,21751
1935,ժենիկ,95,21751
1935,նինա,95,21751
1935,վլադիմիր,93,21751
1935,կառլեն,90,21751
1935,հովհաննես,90,21751
1935,սարգիս,89,21751
1935,անահիտ,86,21751
1935,հրաչիկ,86,21751
1935,վազգեն,86,21751
1935,արամայիս,82,21751
1935,խաչիկ,82,21751
1935,նորիկ,82,21751
1935,լաուրա,81,21751
1935,ռոբերտ,79,21751
1935,նվարդ,78,21751
1935,լեվոն,77,21751
1935,միշա,77,21751
1935,ջեմմա,75,21751
1935,սիրուշ,75,21751
1936,ռոզա,469,23654
1936,ռիմա,394,23654
1936,էմմա,342,23654
1936,ռազմիկ,314,23654
1936,ռաֆիկ,314,23654
1936,քնարիկ,271,23654
1936,սեդա,266,23654
1936,սերյոժա,226,23654
1936,հասմիկ,220,23654
1936,ալբերտ,212,23654
1936,վոլոդյա,212,23654
1936,ժենյա,206,23654
1936,թամարա,204,23654
1936,ամալյա,201,23654
1936,լենա,177,23654
1936,ասյա,176,23654
1936,լիդա,169,23654
1936,սիրանուշ,158,23654
1936,կիմա,144,23654
1936,ժորա,135,23654
1936,հենրիկ,134,23654
1936,սուրեն,134,23654
1936,սվետլանա,129,23654
1936,գառնիկ,127,23654
1936,նինա,127,23654
1936,ժենիկ,116,23654
1936,լուսիկ,112,23654
1936,հրանուշ,112,23654
1936,աստղիկ,110,23654
1936,գոհարիկ,109,23654
1936,միշա,106,23654
1936,գուրգեն,101,23654
1936,լաուրա,99,23654
1936,կառլեն,98,23654
1936,հովհաննես,97,23654
1936,մարուսյա,97,23654
1936,վլադիմիր,97,23654
1936,հրաչիկ,96,23654
1936,վազգեն,96,23654
1936,հայկանուշ,94,23654
1936,ռոբերտ,91,23654
1936,գրետա,90,23654
1936,նվարդ,90,23654
1936,ջուլետա,89,23654
1936,հրանտ,87,23654
1936,օֆիկ,86,23654
1936,վարդուշ,85,23654
1936,աշոտ,83,23654
1936,նորիկ,83,23654
1936,սարգիս,83,23654
1937,ռոզա,454,26875
1937,ռիմա,393,26875
1937,ռազմիկ,381,26875
1937,էմմա,378,26875
1937,սեդա,341,26875
1937,ռաֆիկ,319,26875
1937,ալբերտ,268,26875
1937,քնարիկ,260,26875
1937,սվետլանա,258,26875
1937,հասմիկ,256,26875
1937,ամալյա,236,26875
1937,սերյոժա,230,26875
1937,թամարա,222,26875
1937,վոլոդյա,222,26875
1937,ասյա,210,26875
1937,ժորա,207,26875
1937,լենա,205,26875
1937,ժենյա,198,26875
1937,լիդա,187,26875
1937,ռոբերտ,170,26875
1937,սիրանուշ,166,26875
1937,հենրիկ,165,26875
1937,գրետա,160,26875
1937,կիմա,154,26875
1937,լաուրա,141,26875
1937,լուսիկ,134,26875
1937,սուրեն,134,26875
1937,ջուլետա,133,26875
1937,գառնիկ,132,26875
1937,ժենիկ,131,26875
1937,աշոտ,130,26875
1937,նինա,130,26875
1937,միշա,119,26875
1937,լեվոն,118,26875
1937,հրանուշ,118,26875
1937,արամայիս,115,26875
1937,գուրգեն,109,26875
1937,գոհարիկ,108,26875
1937,աստղիկ,107,26875
1937,հովհաննես,107,26875
1937,մարուսյա,107,26875
1937,վազգեն,107,26875
1937,վլադիմիր,106,26875
1937,նորիկ,105,26875
1937,անահիտ,100,26875
1937,սարգիս,100,26875
1937,յուրիկ,99,26875
1937,սիրուշ,98,26875
1937,կառլեն,96,26875
1937,հրաչիկ,96,26875
1938,ռոզա,409,26759
1938,ռազմիկ,383,26759
1938,ռիմա,378,26759
1938,էմմա,353,26759
1938,սվետլանա,336,26759
1938,սեդա,308,26759
1938,ռաֆիկ,287,26759
1938,ալբերտ,278,26759
1938,քնարիկ,234,26759
1938,լիդա,227,26759
1938,հասմիկ,223,26759
1938,վոլոդյա,221,26759
1938,ասյա,219,26759
1938,սերյոժա,218,26759
1938,թամարա,217,26759
1938,լաուրա,216,26759
1938,լենա,214,26759
1938,ռոբերտ,207,26759
1938,ամալյա,192,26759
1938,հենրիկ,188,26759
1938,ժորա,186,26759
1938,գրետա,185,26759
1938,ժենյա,173,26759
1938,սիրանուշ,152,26759
1938,կիմա,142,26759
1938,ջուլետա,137,26759
1938,սուրեն,130,26759
1938,գառնիկ,127,26759
1938,նորիկ,125,26759
1938,յուրիկ,121,26759
1938,լուսիկ,119,26759
1938,ժենիկ,117,26759
1938,գուրգեն,114,26759
1938,հրանուշ,114,26759
1938,նինա,111,26759
1938,աիդա,108,26759
1938,մարուսյա,107,26759
1938,ջեմմա,105,26759
1938,հրաչիկ,103,26759
1938,արամայիս,101,26759
1938,վազգեն,100,26759
1938,անահիտ,99,26759
1938,աստղիկ,98,26759
1938,աշոտ,97,26759
1938,միշա,97,26759
1938,ջուլիետա,96,26759
1938,վլադիմիր,96,26759
1938,լեվոն,95,26759
1938,վարդուշ,94,26759
1938,հովհաննես,92,26759
1938,օֆիկ,92,26759
1939,սվետլանա,527,25934
1939,ռոզա,371,25934
1939,ռազմիկ,324,25934
1939,էմմա,315,25934
1939,ռիմա,293,25934
1939,ալբերտ,287,25934
1939,սեդա,280,25934
1939,ռաֆիկ,275,25934
1939,քնարիկ,262,25934
1939,ռոբերտ,234,25934
1939,հենրիկ,226,25934
1939,լիդա,224,25934
1939,ժորա,217,25934
1939,լաուրա,204,25934
1939,սերյոժա,200,25934
1939,ամալյա,197,25934
1939,վոլոդյա,196,25934
1939,գրետա,191,25934
1939,ժենյա,183,25934
1939,թամարա,182,25934
1939,հասմիկ,178,25934
1939,ջուլետա,161,25934
1939,ասյա,160,25934
1939,լենա,152,25934
1939,յուրիկ,142,25934
1939,միշա,139,25934
1939,սուրեն,133,25934
1939,սիրանուշ,130,25934
1939,կիմա,117,25934
1939,նինա,112,25934
1939,արամայիս,111,25934
1939,ելենա,109,25934
1939,հրաչիկ,108,25934
1939,հրանուշ,107,25934
1939,ջուլիետա,106,25934
1939,աիդա,104,25934
1939,օֆիկ,104,25934
1939,նորիկ,103,25934
1939,լուսիկ,102,25934
1939,ժենիկ,101,25934
1939,վլադիմիր,101,25934
1939,լեվոն,100,25934
1939,գուրգեն,99,25934
1939,էդուարդ,97,25934
1939,ջեմմա,96,25934
1939,ռուբեն,95,25934
1939,էդիկ,94,25934
1939,սիրուշ,94,25934
1939,ալվարդ,93,25934
1939,համլետ,93,25934
1940,սվետլանա,527,26049
1940,ռոզա,323,26049
1940,ռիմա,321,26049
1940,ռազմիկ,300,26049
1940,էմմա,297,26049
1940,սեդա,292,26049
1940,ռաֆիկ,274,26049
1940,ալբերտ,263,26049
1940,լաուրա,258,26049
1940,լիդա,228,26049
1940,սերյոժա,220,26049
1940,վոլոդյա,216,26049
1940,ռոբերտ,212,26049
1940,հենրիկ,207,26049
1940,ժորա,202,26049
1940,թամարա,195,26049
1940,հասմիկ,187,26049
1940,քնարիկ,184,26049
1940,ասյա,181,26049
1940,գրետա,181,26049
1940,ամալյա,174,26049
1940,յուրիկ,173,26049
1940,լենա,157,26049
1940,ժենյա,154,26049
1940,ջուլետա,147,26049
1940,սիրանուշ,137,26049
1940,միշա,135,26049
1940,նորիկ,119,26049
1940,ջեմմա,116,26049
1940,նինա,114,26049
1940,աիդա,113,26049
1940,սուրեն,111,26049
1940,ալվարդ,109,26049
1940,գոհարիկ,108,26049
1940,վլադիմիր,106,26049
1940,լուսիկ,104,26049
1940,գուրգեն,101,26049
1940,լեվոն,100,26049
1940,ժուլետա,99,26049
1940,ջուլիետա,99,26049
1940,էդիկ,98,26049
1940,կիմա,97,26049
1940,հովհաննես,96,26049
1940,գառնիկ,95,26049
1940,ֆելիքս,94,26049
1940,ելենա,91,26049
1940,ժենիկ,91,26049
1940,ռուբիկ,91,26049
1940,հրանուշ,89,26049
1940,հրաչիկ,89,26049
1941,սվետլանա,456,20668
1941,ռազմիկ,298,20668
1941,լաուրա,237,20668
1941,ռիմա,234,20668
1941,էմմա,217,20668
1941,ռոզա,217,20668
1941,սեդա,215,20668
1941,ալբերտ,203,20668
1941,ռաֆիկ,196,20668
1941,ռոբերտ,175,20668
1941,ժորա,161,20668
1941,գրետա,159,20668
1941,հասմիկ,158,20668
1941,հենրիկ,157,20668
1941,լիդա,156,20668
1941,յուրիկ,150,20668
1941,թամարա,146,20668
1941,ասյա,143,20668
1941,քնարիկ,136,20668
1941,վոլոդյա,128,20668
1941,ամալյա,126,20668
1941,սերյոժա,126,20668
1941,ժենյա,123,20668
1941,սուսաննա,116,20668
1941,աիդա,114,20668
1941,լենա,106,20668
1941,միշա,106,20668
1941,համլետ,99,20668
1941,ջուլետա,97,20668
1941,էդուարդ,96,20668
1941,սուրեն,91,20668
1941,ալվարդ,90,20668
1941,սիրանուշ,90,20668
1941,գոհարիկ,89,20668
1941,լարիսա,89,20668
1941,նորիկ,88,20668
1941,ռուբիկ,88,20668
1941,նինա,84,20668
1941,ջուլիետա,82,20668
1941,աշոտ,80,20668
1941,լեվոն,80,20668
1941,վլադիմիր,80,20668
1941,անահիտ,79,20668
1941,ֆելիքս,79,20668
1941,լյուդմիլա,78,20668
1941,հովհաննես,77,20668
1941,գառնիկ,76,20668
1941,ջեմմա,76,20668
1941,գրիշա,75,20668
1941,էդիկ,75,20668
1941,կիմա,75,20668
1942,սվետլանա,304,15332
1942,ռազմիկ,280,15332
1942,ռոզա,193,15332
1942,էմմա,150,15332
1942,լաուրա,141,15332
1942,ալբերտ,133,15332
1942,ռաֆիկ,132,15332
1942,սեդա,130,15332
1942,ռիմա,129,15332
1942,ռոբերտ,129,15332
1942,լիդա,115,15332
1942,ժորա,113,15332
1942,թամարա,112,15332
1942,քնարիկ,112,15332
1942,յուրիկ,110,15332
1942,վոլոդյա,102,15332
1942,սերյոժա,98,15332
1942,հասմիկ,96,15332
1942,լենա,95,15332
1942,հենրիկ,95,15332
1942,ազատ,93,15332
1942,գրետա,90,15332
1942,նորիկ,85,15332
1942,ալվարդ,83,15332
1942,աիդա,82,15332
1942,լարիսա,82,15332
1942,սուսաննա,82,15332
1942,ժենյա,80,15332
1942,ասյա,78,15332
1942,ամալյա,77,15332
1942,էդուարդ,75,15332
1942,ջուլետա,73,15332
1942,սարգիս,73,15332
1942,համլետ,72,15332
1942,վլադիմիր,67,15332
1942,լյովա,66,15332
1942,միշա,66,15332
1942,լյուդմիլա,63,15332
1942,ջուլիետա,63,15332
1942,գուրգեն,62,15332
1942,նինա,62,15332
1942,ռուբեն,61,15332
1942,անահիտ,60,15332
1942,սուրեն,59,15332
1942,ելենա,56,15332
1942,ռուբիկ,55,15332
1942,ֆելիքս,55,15332
1942,հովհաննես,54,15332
1942,սամվել,53,15332
1942,էդիկ,52,15332
1942,կիմա,52,15332
1943,սվետլանա,200,9596
1943,ռազմիկ,144,9596
1943,լաուրա,111,9596
1943,ռոզա,110,9596
1943,սեդա,96,9596
1943,ազատ,92,9596
1943,էմմա,90,9596
1943,ռիմա,85,9596
1943,համլետ,82,9596
1943,ռաֆիկ,81,9596
1943,ռոբերտ,77,9596
1943,աիդա,75,9596
1943,ալբերտ,73,9596
1943,յուրիկ,71,9596
1943,լարիսա,70,9596
1943,սուսաննա,70,9596
1943,քնարիկ,70,9596
1943,թամարա,68,9596
1943,ժորա,64,9596
1943,լիդա,60,9596
1943,հենրիկ,55,9596
1943,հասմիկ,54,9596
1943,ամալյա,52,9596
1943,գրետա,52,9596
1943,լյուդմիլա,52,9596
1943,լենա,50,9596
1943,լեվոն,50,9596
1943,միշա,48,9596
1943,անահիտ,47,9596
1943,սամվել,47,9596
1943,վոլոդյա,47,9596
1943,ասյա,45,9596
1943,էդուարդ,45,9596
1943,սերյոժա,45,9596
1943,սուրեն,45,9596
1943,հովհաննես,43,9596
1943,ռուբիկ,43,9596
1943,անդրանիկ,39,9596
1943,նինա,39,9596
1943,աշոտ,38,9596
1943,էլմիրա,38,9596
1943,ջուլետա,38,9596
1943,ալվարդ,37,9596
1943,ժենյա,37,9596
1943,ջուլիետա,37,9596
1943,գառնիկ,36,9596
1943,ելենա,36,9596
1943,խաչիկ,36,9596
1943,նորիկ,36,9596
1943,վալենտինա,36,9596
1944,սվետլանա,217,10327
1944,ռազմիկ,125,10327
1944,ռոզա,120,10327
1944,լաուրա,102,10327
1944,սուսաննա,99,10327
1944,էմմա,97,10327
1944,ռիմա,96,10327
1944,սեդա,95,10327
1944,թամարա,92,10327
1944,համլետ,89,10327
1944,ռոբերտ,84,10327
1944,լարիսա,83,10327
1944,ալբերտ,79,10327
1944,ռաֆիկ,79,10327
1944,սամվել,74,10327
1944,ժորա,73,10327
1944,գրետա,65,10327
1944,յուրիկ,64,10327
1944,նինա,64,10327
1944,վոլոդյա,64,10327
1944,ազատ,61,10327
1944,հասմիկ,59,10327
1944,էդուարդ,57,10327
1944,լիդա,56,10327
1944,ալվարդ,54,10327
1944,սերյոժա,54,10327
1944,քնարիկ,53,10327
1944,աիդա,52,10327
1944,հովհաննես,50,10327
1944,անահիտ,49,10327
1944,ասյա,49,10327
1944,լյուդմիլա,49,10327
1944,հենրիկ,49,10327
1944,աշոտ,47,10327
1944,սարգիս,47,10327
1944,սուրեն,47,10327
1944,գեվորգ,46,10327
1944,էլմիրա,46,10327
1944,ամալյա,44,10327
1944,լյովա,42,10327
1944,ռուբեն,42,10327
1944,մարիետա,41,10327
1944,լենա,40,10327
1944,գրիգոր,39,10327
1944,հարություն,39,10327
1944,խաչիկ,38,10327
1944,ռուբիկ,38,10327
1944,վալենտինա,38,10327
1944,գրիշա,37,10327
1944,նվարդ,37,10327
1944,ջեմմա,37,10327
1944,ֆելիքս,37,10327
1945,սվետլանա,218,13759
1945,սուսաննա,160,13759
1945,ազատ,149,13759
1945,սեդա,136,13759
1945,համլետ,126,13759
1945,ռոբերտ,124,13759
1945,ռոզա,120,13759
1945,ռազմիկ,118,13759
1945,ռիմա,116,13759
1945,հասմիկ,114,13759
1945,էմմա,113,13759
1945,լաուրա,112,13759
1945,ալբերտ,111,13759
1945,սամվել,109,13759
1945,թամարա,107,13759
1945,ռաֆիկ,105,13759
1945,ժորա,103,13759
1945,անահիտ,102,13759
1945,քնարիկ,102,13759
1945,լարիսա,95,13759
1945,աիդա,91,13759
1945,վոլոդյա,87,13759
1945,ալվարդ,82,13759
1945,լեվոն,81,13759
1945,լիդա,81,13759
1945,գրետա,79,13759
1945,աշոտ,77,13759
1945,լյուդմիլա,77,13759
1945,հովհաննես,76,13759
1945,ազատուհի,73,13759
1945,սերյոժա,73,13759
1945,ասյա,71,13759
1945,ամալյա,70,13759
1945,էդուարդ,70,13759
1945,յուրիկ,70,13759
1945,լյովա,69,13759
1945,հենրիկ,67,13759
1945,մարիետա,67,13759
1945,անդրանիկ,63,13759
1945,սուրեն,63,13759
1945,գեվորգ,62,13759
1945,ռուբիկ,62,13759
1945,նինա,61,13759
1945,ջուլետա,60,13759
1945,գագիկ,58,13759
1945,սարգիս,58,13759
1945,վլադիմիր,56,13759
1945,գոհարիկ,55,13759
1945,սիրանուշ,55,13759
1945,էլմիրա,53,13759
1945,ռուբեն,53,13759
1946,սվետլանա,330,22633
1946,անահիտ,268,22633
1946,սամվել,264,22633
1946,սուսաննա,262,22633
1946,ռոզա,261,22633
1946,էմմա,229,22633
1946,համլետ,226,22633
1946,թամարա,219,22633
1946,սեդա,203,22633
1946,լաուրա,188,22633
1946,լարիսա,185,22633
1946,ռաֆիկ,179,22633
1946,հասմիկ,177,22633
1946,ժորա,173,22633
1946,ռիմա,162,22633
1946,լիդա,159,22633
1946,ալբերտ,156,22633
1946,աշոտ,155,22633
1946,սերյոժա,151,22633
1946,վոլոդյա,149,22633
1946,ռազմիկ,145,22633
1946,ռոբերտ,144,22633
1946,գագիկ,142,22633
1946,յուրիկ,139,22633
1946,ալվարդ,136,22633
1946,քնարիկ,135,22633
1946,լեվոն,134,22633
1946,հենրիկ,128,22633
1946,ամալյա,122,22633
1946,լյուդմիլա,122,22633
1946,սուրեն,120,22633
1946,աիդա,118,22633
1946,էդուարդ,114,22633
1946,գեվորգ,113,22633
1946,հովհաննես,113,22633
1946,միշա,108,22633
1946,ասյա,107,22633
1946,գոհարիկ,102,22633
1946,գրետա,101,22633
1946,նինա,101,22633
1946,նորիկ,101,22633
1946,ռուբեն,101,22633
1946,գոհար,99,22633
1946,էլմիրա,99,22633
1946,լենա,98,22633
1946,լյովա,96,22633
1946,ռուբիկ,96,22633
1946,զոյա,91,22633
1946,սիլվա,90,22633
1946,սարգիս,89,22633
1947,անահիտ,404,25718
1947,սուսաննա,357,25718
1947,սվետլանա,355,25718
1947,սամվել,314,25718
1947,էմմա,240,25718
1947,ռոզա,236,25718
1947,հասմիկ,226,25718
1947,սեդա,225,25718
1947,համլետ,217,25718
1947,լաուրա,198,25718
1947,թամարա,194,25718
1947,աշոտ,193,25718
1947,քնարիկ,191,25718
1947,ալվարդ,190,25718
1947,ռաֆիկ,190,25718
1947,լարիսա,189,25718
1947,ալբերտ,188,25718
1947,գագիկ,177,25718
1947,ժորա,176,25718
1947,ռիմա,164,25718
1947,լիդա,161,25718
1947,ռազմիկ,156,25718
1947,աիդա,153,25718
1947,վոլոդյա,149,25718
1947,սերյոժա,147,25718
1947,յուրիկ,143,25718
1947,ռոբերտ,143,25718
1947,ասյա,141,25718
1947,գեվորգ,137,25718
1947,գոհար,137,25718
1947,լեվոն,135,25718
1947,գրետա,131,25718
1947,հովհաննես,131,25718
1947,սիլվա,130,25718
1947,սուրեն,130,25718
1947,գառնիկ,129,25718
1947,ամալյա,128,25718
1947,միշա,128,25718
1947,գոհարիկ,127,25718
1947,ռուբեն,121,25718
1947,լյուդմիլա,119,25718
1947,զոյա,117,25718
1947,լենա,116,25718
1947,հենրիկ,115,25718
1947,էլմիրա,114,25718
1947,նինա,110,25718
1947,ռուբիկ,109,25718
1947,սարգիս,108,25718
1947,հարություն,107,25718
1947,գայանե,105,25718
1947,էդուարդ,105,25718
1947,մարիետա,105,25718
1948,անահիտ,516,24650
1948,սուսաննա,399,24650
1948,սամվել,360,24650
1948,սվետլանա,292,24650
1948,ռոզա,248,24650
1948,համլետ,234,24650
1948,աշոտ,233,24650
1948,հասմիկ,228,24650
1948,գագիկ,226,24650
1948,ալվարդ,218,24650
1948,թամարա,208,24650
1948,լարիսա,195,24650
1948,էմմա,194,24650
1948,ռաֆիկ,185,24650
1948,սեդա,180,24650
1948,ալբերտ,168,24650
1948,լիդա,167,24650
1948,սերյոժա,159,24650
1948,ժորա,158,24650
1948,լեվոն,158,24650
1948,լաուրա,157,24650
1948,քնարիկ,155,24650
1948,ռիմա,143,24650
1948,նինա,140,24650
1948,հովհաննես,138,24650
1948,գայանե,136,24650
1948,գոհար,129,24650
1948,սարգիս,128,24650
1948,ռուբեն,127,24650
1948,յուրիկ,126,24650
1948,ռոբերտ,122,24650
1948,սուրեն,121,24650
1948,լյուդմիլա,120,24650
1948,վոլոդյա,120,24650
1948,գրետա,119,24650
1948,զոյա,117,24650
1948,ասյա,116,24650
1948,աիդա,115,24650
1948,կարինե,115,24650
1948,ռազմիկ,111,24650
1948,սիլվա,110,24650
1948,գեվորգ,109,24650
1948,հակոբ,109,24650
1948,մարիետա,108,24650
1948,նորիկ,108,24650
1948,էլմիրա,104,24650
1948,մարիամ,103,24650
1948,անդրանիկ,101,24650
1948,գոհարիկ,100,24650
1948,էդուարդ,99,24650
1949,անահիտ,757,29012
1949,սուսաննա,537,29012
1949,սամվել,498,29012
1949,աշոտ,345,29012
1949,սվետլանա,303,29012
1949,թամարա,291,29012
1949,հասմիկ,288,29012
1949,ալվարդ,287,29012
1949,գագիկ,281,29012
1949,համլետ,269,29012
1949,սեդա,256,29012
1949,էմմա,247,29012
1949,ռոզա,245,29012
1949,ռաֆիկ,212,29012
1949,լարիսա,211,29012
1949,ալբերտ,189,29012
1949,լեվոն,181,29012
1949,յուրիկ,172,29012
1949,սերյոժա,172,29012
1949,ժորա,171,29012
1949,լիդա,171,29012
1949,ռիմա,167,29012
1949,քնարիկ,167,29012
1949,աիդա,165,29012
1949,հովհաննես,162,29012
1949,գոհար,160,29012
1949,սիլվա,160,29012
1949,գայանե,159,29012
1949,գեվորգ,158,29012
1949,նինա,158,29012
1949,ռոբերտ,154,29012
1949,լաուրա,152,29012
1949,ամալյա,148,29012
1949,լյովա,145,29012
1949,վոլոդյա,145,29012
1949,ասյա,144,29012
1949,մարիետա,137,29012
1949,նորիկ,135,29012
1949,գրետա,134,29012
1949,ռազմիկ,134,29012
1949,ռուբիկ,133,29012
1949,կարինե,131,29012
1949,գոհարիկ,130,29012
1949,գառնիկ,129,29012
1949,սուրեն,129,29012
1949,լենա,128,29012
1949,լյուդմիլա,127,29012
1949,էլմիրա,126,29012
1949,սարգիս,123,29012
1949,հակոբ,120,29012
1950,անահիտ,860,31112
1950,սուսաննա,553,31112
1950,սամվել,496,31112
1950,աշոտ,444,31112
1950,գագիկ,329,31112
1950,սվետլանա,325,31112
1950,ալվարդ,304,31112
1950,հասմիկ,291,31112
1950,ռոզա,289,31112
1950,սեդա,287,31112
1950,համլետ,266,31112
1950,թամարա,255,31112
1950,գայանե,226,31112
1950,էմմա,217,31112
1950,ռաֆիկ,211,31112
1950,ալբերտ,206,31112
1950,լարիսա,202,31112
1950,գոհար,198,31112
1950,կարինե,197,31112
1950,հովհաննես,192,31112
1950,ժորա,185,31112
1950,քնարիկ,184,31112
1950,յուրիկ,183,31112
1950,լեվոն,179,31112
1950,գեվորգ,173,31112
1950,սարգիս,171,31112
1950,լաուրա,170,31112
1950,լիդա,170,31112
1950,վոլոդյա,167,31112
1950,լյուդմիլա,165,31112
1950,մարիետա,164,31112
1950,սերյոժա,164,31112
1950,ասյա,150,31112
1950,զոյա,149,31112
1950,հակոբ,147,31112
1950,ռուբեն,142,31112
1950,գրետա,141,31112
1950,ռիմա,139,31112
1950,ռոբերտ,139,31112
1950,էլմիրա,138,31112
1950,ռուբիկ,138,31112
1950,աիդա,137,31112
1950,հենրիկ,136,31112
1950,նինա,136,31112
1950,սուրեն,136,31112
1950,խաչիկ,129,31112
1950,սիլվա,127,31112
1950,գառնիկ,126,31112
1950,ամալյա,125,31112
1950,էդիկ,125,31112
1951,անահիտ,1074,35268
1951,սամվել,749,35268
1951,սուսաննա,610,35268
1951,աշոտ,480,35268
1951,գագիկ,401,35268
1951,սվետլանա,387,35268
1951,ալվարդ,325,35268
1951,համլետ,315,35268
1951,հասմիկ,301,35268
1951,ռոզա,290,35268
1951,կարինե,283,35268
1951,թամարա,266,35268
1951,սեդա,264,35268
1951,գայանե,262,35268
1951,էմմա,257,35268
1951,գոհար,250,35268
1951,ռաֆիկ,230,35268
1951,լարիսա,228,35268
1951,լեվոն,221,35268
1951,ալբերտ,219,35268
1951,հովհաննես,219,35268
1951,սուրեն,219,35268
1951,գեվորգ,212,35268
1951,լաուրա,199,35268
1951,ժորա,191,35268
1951,մարիետա,187,35268
1951,ռիմա,187,35268
1951,յուրիկ,185,35268
1951,լիդա,182,35268
1951,վոլոդյա,176,35268
1951,սարգիս,173,35268
1951,սերյոժա,172,35268
1951,լյովա,171,35268
1951,աիդա,170,35268
1951,քնարիկ,170,35268
1951,ռուբեն,164,35268
1951,էդիկ,163,35268
1951,զոյա,156,35268
1951,ռուբիկ,156,35268
1951,լյուդմիլա,152,35268
1951,ռազմիկ,148,35268
1951,հակոբ,147,35268
1951,վլադիմիր,147,35268
1951,գրետա,145,35268
1951,ասյա,142,35268
1951,նինա,142,35268
1951,ռոբերտ,140,35268
1951,էլմիրա,139,35268
1951,սիլվա,137,35268
1951,գոհարիկ,135,35268
1952,անահիտ,1107,37763
1952,սամվել,790,37763
1952,սուսաննա,720,37763
1952,աշոտ,550,37763
1952,գագիկ,459,37763
1952,սվետլանա,427,37763
1952,կարինե,391,37763
1952,ալվարդ,379,37763
1952,հասմիկ,324,37763
1952,սեդա,324,37763
1952,համլետ,319,37763
1952,թամարա,317,37763
1952,գայանե,313,37763
1952,ռոզա,305,37763
1952,էմմա,270,37763
1952,գոհար,250,37763
1952,քնարիկ,241,37763
1952,ռաֆիկ,238,37763
1952,լարիսա,225,37763
1952,լեվոն,222,37763
1952,ալբերտ,216,37763
1952,յուրիկ,216,37763
1952,հովհաննես,212,37763
1952,ռիմա,212,37763
1952,սարգիս,205,37763
1952,զոյա,204,37763
1952,լիդա,202,37763
1952,աիդա,199,37763
1952,մարիետա,199,37763
1952,ռուբիկ,197,37763
1952,սուրեն,195,37763
1952,ժորա,194,37763
1952,լաուրա,193,37763
1952,գեվորգ,192,37763
1952,սերյոժա,190,37763
1952,լյուդմիլա,186,37763
1952,վոլոդյա,185,37763
1952,ռուբեն,175,37763
1952,լյովա,174,37763
1952,սիլվա,170,37763
1952,էլմիրա,167,37763
1952,նորիկ,167,37763
1952,ասյա,163,37763
1952,խաչիկ,161,37763
1952,հակոբ,160,37763
1952,ռոբերտ,159,37763
1952,անուշ,153,37763
1952,էդիկ,153,37763
1952,միշա,153,37763
1952,ռուզաննա,153,37763
1953,անահիտ,1134,36170
1953,սամվել,807,36170
1953,սուսաննա,682,36170
1953,աշոտ,549,36170
1953,գագիկ,482,36170
1953,սվետլանա,481,36170
1953,կարինե,423,36170
1953,գայանե,366,36170
1953,ալվարդ,348,36170
1953,սեդա,323,36170
1953,համլետ,321,36170
1953,հասմիկ,318,36170
1953,էմմա,276,36170
1953,թամարա,276,36170
1953,ռոզա,270,36170
1953,լեվոն,254,36170
1953,լարիսա,233,36170
1953,ալբերտ,212,36170
1953,սիլվա,211,36170
1953,լյուդմիլա,207,36170
1953,գեվորգ,202,36170
1953,գոհար,200,36170
1953,սուրեն,197,36170
1953,սարգիս,196,36170
1953,հովհաննես,194,36170
1953,յուրիկ,192,36170
1953,աիդա,190,36170
1953,լյովա,190,36170
1953,ռիմա,190,36170
1953,մարիետա,186,36170
1953,քնարիկ,185,36170
1953,ժորա,182,36170
1953,լաուրա,178,36170
1953,ռուբեն,176,36170
1953,վոլոդյա,175,36170
1953,լիդա,174,36170
1953,զոյա,173,36170
1953,ռաֆիկ,173,36170
1953,անուշ,172,36170
1953,էլմիրա,170,36170
1953,գոհարիկ,169,36170
1953,հարություն,167,36170
1953,մանվել,159,36170
1953,սերյոժա,159,36170
1953,նորիկ,156,36170
1953,ամալյա,154,36170
1953,ռուբիկ,148,36170
1953,հակոբ,145,36170
1953,նինա,145,36170
1953,մարիամ,142,36170
1953,վլադիմիր,142,36170
1954,անահիտ,1787,41452
1954,սամվել,1115,41452
1954,աշոտ,801,41452
1954,կարինե,769,41452
1954,սուսաննա,734,41452
1954,հասմիկ,632,41452
1954,գագիկ,621,41452
1954,գայանե,529,41452
1954,ալվարդ,444,41452
1954,սվետլանա,410,41452
1954,գոհար,377,41452
1954,թամարա,337,41452
1954,սեդա,303,41452
1954,լեվոն,298,41452
1954,գեվորգ,293,41452
1954,ռոզա,291,41452
1954,էմմա,281,41452
1954,հովհաննես,280,41452
1954,համլետ,259,41452
1954,սուրեն,250,41452
1954,անուշ,236,41452
1954,սարգիս,235,41452
1954,ռուբեն,232,41452
1954,ռաֆիկ,224,41452
1954,հակոբ,221,41452
1954,քնարիկ,215,41452
1954,ալբերտ,211,41452
1954,վարդան,206,41452
1954,հարություն,203,41452
1954,սերյոժա,189,41452
1954,ժորա,188,41452
1954,ռիմա,186,41452
1954,սիլվա,183,41452
1954,գոհարիկ,174,41452
1954,վաչագան,173,41452
1954,մանվել,172,41452
1954,մարիամ,172,41452
1954,գրիգոր,171,41452
1954,հայկ,171,41452
1954,լյուդմիլա,167,41452
1954,վլադիմիր,166,41452
1954,անդրանիկ,165,41452
1954,լիդա,165,41452
1954,լարիսա,163,41452
1954,նորիկ,162,41452
1954,ռազմիկ,159,41452
1954,ամալյա,158,41452
1954,ռուբիկ,158,41452
1954,սերգեյ,158,41452
1954,աստղիկ,155,41452
1954,գառնիկ,155,41452
1954,զոյա,155,41452
1955,անահիտ,1809,44076
1955,սամվել,1110,44076
1955,կարինե,999,44076
1955,սուսաննա,801,44076
1955,աշոտ,798,44076
1955,գագիկ,694,44076
1955,հասմիկ,637,44076
1955,գայանե,625,44076
1955,ալվարդ,454,44076
1955,սվետլանա,425,44076
1955,գոհար,418,44076
1955,թամարա,362,44076
1955,սեդա,339,44076
1955,լեվոն,319,44076
1955,գեվորգ,315,44076
1955,հովհաննես,285,44076
1955,ռիտա,277,44076
1955,ռոզա,277,44076
1955,էմմա,270,44076
1955,անուշ,257,44076
1955,սուրեն,253,44076
1955,վարդան,249,44076
1955,սարգիս,241,44076
1955,քնարիկ,237,44076
1955,ռուբեն,232,44076
1955,մանվել,223,44076
1955,մարիամ,223,44076
1955,ալբերտ,221,44076
1955,ռաֆիկ,220,44076
1955,ռիմա,218,44076
1955,աիդա,217,44076
1955,հակոբ,215,44076
1955,ռուզաննա,215,44076
1955,լարիսա,210,44076
1955,անդրանիկ,203,44076
1955,հարություն,198,44076
1955,գրիգոր,197,44076
1955,գառնիկ,192,44076
1955,լաուրա,191,44076
1955,յուրիկ,186,44076
1955,համլետ,181,44076
1955,ամալյա,179,44076
1955,սերյոժա,178,44076
1955,ռուբիկ,177,44076
1955,աստղիկ,175,44076
1955,գոհարիկ,172,44076
1955,հայկ,172,44076
1955,նորիկ,168,44076
1955,լիդա,165,44076
1955,ռոբերտ,161,44076
1955,սիլվա,161,44076
1956,անահիտ,1817,46481
1956,սամվել,1157,46481
1956,կարինե,1114,46481
1956,սուսաննա,1019,46481
1956,աշոտ,908,46481
1956,գագիկ,788,46481
1956,գայանե,732,46481
1956,հասմիկ,694,46481
1956,ալվարդ,529,46481
1956,գոհար,417,46481
1956,ռուզաննա,395,46481
1956,լեվոն,374,46481
1956,սեդա,345,46481
1956,թամարա,335,46481
1956,լարիսա,320,46481
1956,սուրեն,312,46481
1956,հովհաննես,300,46481
1956,ռոբերտ,298,46481
1956,գեվորգ,297,46481
1956,աիդա,296,46481
1956,սվետլանա,296,46481
1956,անուշ,293,46481
1956,սարգիս,280,46481
1956,էմմա,274,46481
1956,վարդան,272,46481
1956,մանվել,258,46481
1956,հակոբ,239,46481
1956,ռիտա,239,46481
1956,գոհարիկ,238,46481
1956,անդրանիկ,236,46481
1956,մարիամ,234,46481
1956,ռուբեն,233,46481
1956,լաուրա,229,46481
1956,հարություն,228,46481
1956,գրիգոր,227,46481
1956,քնարիկ,227,46481
1956,վաչագան,211,46481
1956,ռոզա,209,46481
1956,գառնիկ,205,46481
1956,ամալյա,202,46481
1956,արամ,199,46481
1956,նորիկ,196,46481
1956,սիրվարդ,189,46481
1956,օֆելյա,188,46481
1956,մարգարիտ,182,46481
1956,հայկ,173,46481
1956,արարատ,172,46481
1956,ռաֆիկ,172,46481
1956,աստղիկ,169,46481
1956,լուսիկ,158,46481
1957,անահիտ,1788,49542
1957,սամվել,1165,49542
1957,սուսաննա,1138,49542
1957,կարինե,1038,49542
1957,աշոտ,899,49542
1957,գագիկ,897,49542
1957,գայանե,823,49542
1957,հասմիկ,747,49542
1957,ալվարդ,535,49542
1957,գոհար,471,49542
1957,ռուզաննա,462,49542
1957,լեվոն,385,49542
1957,գեվորգ,379,49542
1957,անուշ,369,49542
1957,հովհաննես,347,49542
1957,թամարա,336,49542
1957,սեդա,326,49542
1957,վարդան,320,49542
1957,սարգիս,314,49542
1957,էմմա,309,49542
1957,սվետլանա,305,49542
1957,սուրեն,304,49542
1957,աիդա,295,49542
1957,մարիամ,286,49542
1957,լարիսա,282,49542
1957,հակոբ,274,49542
1957,ռիտա,265,49542
1957,անդրանիկ,263,49542
1957,մանվել,260,49542
1957,քնարիկ,250,49542
1957,գոհարիկ,249,49542
1957,լաուրա,247,49542
1957,գառնիկ,245,49542
1957,ռոբերտ,235,49542
1957,ռուբեն,234,49542
1957,հարություն,227,49542
1957,արամ,219,49542
1957,սիրվարդ,216,49542
1957,արմեն,212,49542
1957,նորիկ,212,49542
1957,մարգարիտ,208,49542
1957,ռոզա,208,49542
1957,վաչագան,201,49542
1957,ամալյա,200,49542
1957,ռաֆիկ,197,49542
1957,գրիգոր,187,49542
1957,դավիթ,184,49542
1957,աստղիկ,179,49542
1957,խաչատուր,174,49542
1957,վազգեն,174,49542
1958,անահիտ,1827,52895
1958,սուսաննա,1225,52895
1958,սամվել,1218,52895
1958,կարինե,1183,52895
1958,աշոտ,993,52895
1958,գայանե,950,52895
1958,գագիկ,937,52895
1958,հասմիկ,773,52895
1958,ռուզաննա,674,52895
1958,ալվարդ,521,52895
1958,գոհար,496,52895
1958,գեվորգ,459,52895
1958,հովհաննես,392,52895
1958,վարդան,381,52895
1958,սեդա,379,52895
1958,լեվոն,378,52895
1958,սարգիս,356,52895
1958,սվետլանա,356,52895
1958,անուշ,353,52895
1958,աիդա,335,52895
1958,էմմա,310,52895
1958,հակոբ,310,52895
1958,սուրեն,306,52895
1958,թամարա,303,52895
1958,մանվել,300,52895
1958,ռիտա,292,52895
1958,ռոբերտ,287,52895
1958,անդրանիկ,279,52895
1958,հարություն,275,52895
1958,լարիսա,273,52895
1958,արմեն,271,52895
1958,մարիամ,271,52895
1958,գառնիկ,265,52895
1958,արամ,260,52895
1958,լաուրա,257,52895
1958,կամո,251,52895
1958,գոհարիկ,250,52895
1958,ռուբեն,248,52895
1958,մարինե,235,52895
1958,քնարիկ,233,52895
1958,նորիկ,228,52895
1958,մարգարիտ,215,52895
1958,վաչագան,215,52895
1958,աստղիկ,211,52895
1958,գրիգոր,207,52895
1958,սիրանուշ,204,52895
1958,ռոզա,203,52895
1958,արթուր,201,52895
1958,սիրվարդ,191,52895
1958,ռիմա,186,52895
1959,անահիտ,1716,54173
1959,կարինե,1226,54173
1959,սուսաննա,1213,54173
1959,սամվել,1158,54173
1959,գայանե,1078,54173
1959,աշոտ,930,54173
1959,գագիկ,926,54173
1959,հասմիկ,752,54173
1959,ռուզաննա,676,54173
1959,գոհար,499,54173
1959,ալվարդ,467,54173
1959,գեվորգ,458,54173
1959,վարդան,432,54173
1959,արմեն,396,54173
1959,անուշ,395,54173
1959,հովհաննես,388,54173
1959,լեվոն,360,54173
1959,սվետլանա,334,54173
1959,աիդա,331,54173
1959,սարգիս,322,54173
1959,լարիսա,321,54173
1959,հակոբ,320,54173
1959,թամարա,315,54173
1959,սուրեն,312,54173
1959,կամո,303,54173
1959,լաուրա,299,54173
1959,մարինե,299,54173
1959,սեդա,293,54173
1959,մանվել,283,54173
1959,ռուբեն,277,54173
1959,արթուր,276,54173
1959,գոհարիկ,276,54173
1959,էմմա,274,54173
1959,ռիտա,273,54173
1959,քնարիկ,273,54173
1959,մարիամ,268,54173
1959,ռոբերտ,268,54173
1959,անդրանիկ,260,54173
1959,գառնիկ,257,54173
1959,արամ,255,54173
1959,գրիգոր,245,54173
1959,հարություն,245,54173
1959,ամալյա,217,54173
1959,լուսիկ,210,54173
1959,վաչագան,210,54173
1959,նորիկ,209,54173
1959,մարգարիտ,202,54173
1959,սիրվարդ,200,54173
1959,սեյրան,199,54173
1959,նարինե,198,54173
1960,անահիտ,1667,56007
1960,սուսաննա,1342,56007
1960,կարինե,1297,56007
1960,գայանե,1091,56007
1960,սամվել,1069,56007
1960,գագիկ,977,56007
1960,աշոտ,871,56007
1960,հասմիկ,820,56007
1960,ռուզաննա,798,56007
1960,արմեն,586,56007
1960,գոհար,556,56007
1960,ալվարդ,504,56007
1960,վարդան,469,56007
1960,գեվորգ,424,56007
1960,մարինե,423,56007
1960,հովհաննես,404,56007
1960,անուշ,401,56007
1960,արթուր,376,56007
1960,սվետլանա,366,56007
1960,սարգիս,341,56007
1960,աիդա,340,56007
1960,նարինե,333,56007
1960,հակոբ,312,56007
1960,արամ,311,56007
1960,կամո,309,56007
1960,լարիսա,308,56007
1960,լեվոն,305,56007
1960,լաուրա,303,56007
1960,թամարա,301,56007
1960,մարիամ,291,56007
1960,մանվել,290,56007
1960,ռոբերտ,288,56007
1960,հարություն,286,56007
1960,սեդա,286,56007
1960,գառնիկ,269,56007
1960,ռուբեն,268,56007
1960,անդրանիկ,267,56007
1960,քնարիկ,261,56007
1960,ռիտա,259,56007
1960,սուրեն,258,56007
1960,գրիգոր,244,56007
1960,էմմա,243,56007
1960,վաչագան,233,56007
1960,անժելա,219,56007
1960,մարգարիտ,216,56007
1960,գոհարիկ,215,56007
1960,սեյրան,210,56007
1960,ալբերտ,204,56007
1960,հրաչյա,197,56007
1960,ռիմա,195,56007
1961,անահիտ,1599,54218
1961,կարինե,1245,54218
1961,գայանե,1225,54218
1961,սուսաննա,1170,54218
1961,սամվել,937,54218
1961,գագիկ,836,54218
1961,աշոտ,831,54218
1961,հասմիկ,780,54218
1961,ռուզաննա,758,54218
1961,արմեն,708,54218
1961,գոհար,569,54218
1961,մարինե,564,54218
1961,արթուր,523,54218
1961,վարդան,497,54218
1961,ալվարդ,450,54218
1961,նարինե,431,54218
1961,անուշ,412,54218
1961,գեվորգ,386,54218
1961,սվետլանա,383,54218
1961,աիդա,357,54218
1961,հովհաննես,353,54218
1961,թամարա,318,54218
1961,արամ,305,54218
1961,հակոբ,292,54218
1961,լեվոն,284,54218
1961,լարիսա,275,54218
1961,անդրանիկ,274,54218
1961,սարգիս,274,54218
1961,մանվել,271,54218
1961,կարեն,269,54218
1961,հարություն,263,54218
1961,ռուբեն,261,54218
1961,կամո,260,54218
1961,էմմա,257,54218
1961,մարիամ,254,54218
1961,սուրեն,253,54218
1961,սեդա,249,54218
1961,լաուրա,246,54218
1961,գրիգոր,245,54218
1961,գառնիկ,240,54218
1961,ռոբերտ,235,54218
1961,ռիտա,222,54218
1961,յուրիկ,218,54218
1961,մարգարիտ,217,54218
1961,գոհարիկ,207,54218
1961,քնարիկ,207,54218
1961,սեյրան,206,54218
1961,աննա,201,54218
1961,վաչագան,197,54218
1961,նորիկ,190,54218
1962,անահիտ,1493,51181
1962,կարինե,1231,51181
1962,գայանե,1065,51181
1962,սուսաննա,1036,51181
1962,սամվել,841,51181
1962,արմեն,834,51181
1962,ռուզաննա,789,51181
1962,գագիկ,762,51181
1962,աշոտ,761,51181
1962,հասմիկ,752,51181
1962,մարինե,717,51181
1962,արթուր,613,51181
1962,գոհար,572,51181
1962,վարդան,519,51181
1962,նարինե,501,51181
1962,գեվորգ,406,51181
1962,անուշ,396,51181
1962,ալվարդ,367,51181
1962,հովհաննես,362,51181
1962,սվետլանա,351,51181
1962,աիդա,342,51181
1962,արամ,314,51181
1962,կարեն,285,51181
1962,լեվոն,282,51181
1962,անդրանիկ,278,51181
1962,հակոբ,272,51181
1962,մարիամ,270,51181
1962,կամո,260,51181
1962,ռոբերտ,259,51181
1962,թամարա,258,51181
1962,սարգիս,258,51181
1962,լարիսա,253,51181
1962,հարություն,253,51181
1962,լաուրա,251,51181
1962,գառնիկ,244,51181
1962,մանվել,232,51181
1962,սուրեն,229,51181
1962,մարինա,218,51181
1962,ռուբեն,217,51181
1962,գրիգոր,215,51181
1962,գոհարիկ,211,51181
1962,արսեն,207,51181
1962,ռիտա,206,51181
1962,արայիկ,205,51181
1962,աննա,204,51181
1962,էմմա,204,51181
1962,մարգարիտ,200,51181
1962,արմենուհի,199,51181
1962,սեդա,197,51181
1962,սեյրան,195,51181
1963,անահիտ,1651,50245
1963,գայանե,1218,50245
1963,կարինե,1170,50245
1963,արմեն,987,50245
1963,սուսաննա,958,50245
1963,սամվել,890,50245
1963,ռուզաննա,857,50245
1963,հասմիկ,772,50245
1963,աշոտ,770,50245
1963,մարինե,757,50245
1963,գագիկ,671,50245
1963,արթուր,636,50245
1963,վարդան,630,50245
1963,գոհար,615,50245
1963,նարինե,531,50245
1963,անուշ,421,50245
1963,տիգրան,414,50245
1963,գեվորգ,401,50245
1963,աննա,391,50245
1963,հովհաննես,381,50245
1963,ալվարդ,374,50245
1963,արամ,335,50245
1963,աիդա,322,50245
1963,կարեն,321,50245
1963,անդրանիկ,319,50245
1963,հակոբ,312,50245
1963,սարգիս,309,50245
1963,հարություն,307,50245
1963,մարիամ,279,50245
1963,ռոբերտ,262,50245
1963,լեվոն,261,50245
1963,արսեն,256,50245
1963,կամո,252,50245
1963,սվետլանա,250,50245
1963,սուրեն,246,50245
1963,գոհարիկ,236,50245
1963,ռուբեն,233,50245
1963,մանվել,231,50245
1963,լարիսա,227,50245
1963,արայիկ,220,50245
1963,արմենուհի,212,50245
1963,նունե,212,50245
1963,թամարա,209,50245
1963,գառնիկ,208,50245
1963,լաուրա,205,50245
1963,մարգարիտ,201,50245
1963,սեդա,198,50245
1963,դավիթ,194,50245
1963,հայկ,189,50245
1963,նաիրա,189,50245
1964,անահիտ,1444,47029
1964,գայանե,1147,47029
1964,կարինե,1136,47029
1964,արմեն,1088,47029
1964,սուսաննա,910,47029
1964,մարինե,770,47029
1964,սամվել,737,47029
1964,ռուզաննա,699,47029
1964,արթուր,692,47029
1964,աշոտ,683,47029
1964,հասմիկ,653,47029
1964,գագիկ,646,47029
1964,գոհար,600,47029
1964,նարինե,590,47029
1964,վարդան,565,47029
1964,աննա,547,47029
1964,գեվորգ,386,47029
1964,անուշ,379,47029
1964,կարեն,367,47029
1964,ալվարդ,352,47029
1964,արամ,342,47029
1964,հովհաննես,337,47029
1964,արսեն,315,47029
1964,նունե,306,47029
1964,տիգրան,293,47029
1964,հարություն,289,47029
1964,անդրանիկ,284,47029
1964,արայիկ,279,47029
1964,ռոբերտ,279,47029
1964,լեվոն,274,47029
1964,աիդա,260,47029
1964,սարգիս,250,47029
1964,մարիամ,241,47029
1964,հակոբ,233,47029
1964,սվետլանա,230,47029
1964,թամարա,228,47029
1964,նաիրա,226,47029
1964,ռուբեն,226,47029
1964,արմինե,222,47029
1964,մարգարիտ,220,47029
1964,արմենուհի,219,47029
1964,մանվել,215,47029
1964,գոհարիկ,202,47029
1964,լարիսա,201,47029
1964,սուրեն,198,47029
1964,կամո,194,47029
1964,լաուրա,185,47029
1964,գրիգոր,184,47029
1964,սեդա,181,47029
1964,քնարիկ,176,47029
1965,անահիտ,1217,44640
1965,արմեն,1150,44640
1965,գայանե,1058,44640
1965,կարինե,967,44640
1965,արթուր,819,44640
1965,սուսաննա,719,44640
1965,նարինե,708,44640
1965,ռուզաննա,700,44640
1965,մարինե,687,44640
1965,գոհար,637,44640
1965,սամվել,619,44640
1965,գագիկ,608,44640
1965,հասմիկ,601,44640
1965,աշոտ,593,44640
1965,անդրանիկ,511,44640
1965,աննա,495,44640
1965,վարդան,444,44640
1965,գեվորգ,355,44640
1965,անուշ,343,44640
1965,կարեն,338,44640
1965,հովհաննես,323,44640
1965,նունե,317,44640
1965,արամ,309,44640
1965,արմինե,288,44640
1965,արսեն,288,44640
1965,հարություն,273,44640
1965,սվետլանա,273,44640
1965,աիդա,264,44640
1965,ալվարդ,263,44640
1965,սարգիս,254,44640
1965,արայիկ,245,44640
1965,նաիրա,244,44640
1965,տիգրան,241,44640
1965,հակոբ,223,44640
1965,թամարա,217,44640
1965,ռոբերտ,209,44640
1965,լեվոն,207,44640
1965,արմենուհի,206,44640
1965,գոհարիկ,204,44640
1965,մարիամ,202,44640
1965,գրիգոր,195,44640
1965,լարիսա,182,44640
1965,դավիթ,180,44640
1965,մարգարիտ,180,44640
1965,անժելա,177,44640
1965,կամո,177,44640
1965,ռուբեն,172,44640
1965,արա,156,44640
1965,իրինա,155,44640
1965,քնարիկ,154,44640
1966,արմեն,1169,43444
1966,անահիտ,1163,43444
1966,գայանե,1048,43444
1966,արթուր,978,43444
1966,կարինե,901,43444
1966,նարինե,727,43444
1966,սուսաննա,681,43444
1966,ռուզաննա,672,43444
1966,մարինե,662,43444
1966,սամվել,632,43444
1966,գոհար,608,43444
1966,աննա,605,43444
1966,հասմիկ,600,43444
1966,աշոտ,551,43444
1966,գագիկ,533,43444
1966,անդրանիկ,496,43444
1966,վարդան,496,43444
1966,նունե,419,43444
1966,կարեն,417,43444
1966,նաիրա,370,43444
1966,տիգրան,369,43444
1966,անուշ,350,43444
1966,գեվորգ,319,43444
1966,արսեն,312,43444
1966,հովհաննես,312,43444
1966,արամ,301,43444
1966,արմինե,300,43444
1966,սվետլանա,289,43444
1966,ալվարդ,287,43444
1966,հարություն,253,43444
1966,աիդա,233,43444
1966,արմենուհի,224,43444
1966,հակոբ,223,43444
1966,սարգիս,222,43444
1966,թամարա,216,43444
1966,մարիամ,216,43444
1966,արայիկ,205,43444
1966,լեվոն,191,43444
1966,դավիթ,188,43444
1966,անժելա,184,43444
1966,ռոբերտ,181,43444
1966,սուրեն,174,43444
1966,գրիգոր,172,43444
1966,արա,169,43444
1966,մարգարիտ,166,43444
1966,հայկ,164,43444
1966,նելլի,164,43444
1966,ալինա,158,43444
1966,կամո,158,43444
1966,գեղամ,157,43444
1967,արմեն,1184,40243
1967,անահիտ,1043,40243
1967,արթուր,996,40243
1967,գայանե,962,40243
1967,կարինե,842,40243
1967,նարինե,775,40243
1967,հասմիկ,627,40243
1967,գոհար,594,40243
1967,սուսաննա,589,40243
1967,աննա,586,40243
1967,ռուզաննա,576,40243
1967,մարինե,572,40243
1967,սամվել,546,40243
1967,նունե,478,40243
1967,աշոտ,467,40243
1967,գագիկ,462,40243
1967,վարդան,447,40243
1967,անդրանիկ,421,40243
1967,նաիրա,409,40243
1967,կարեն,383,40243
1967,գեվորգ,341,40243
1967,արմինե,328,40243
1967,արսեն,323,40243
1967,անուշ,301,40243
1967,հովհաննես,294,40243
1967,ալվարդ,291,40243
1967,տիգրան,289,40243
1967,արամ,280,40243
1967,սվետլանա,271,40243
1967,արայիկ,260,40243
1967,հարություն,237,40243
1967,հակոբ,222,40243
1967,արմենուհի,210,40243
1967,հայկ,210,40243
1967,թամարա,201,40243
1967,արա,200,40243
1967,աիդա,196,40243
1967,մարիամ,194,40243
1967,սարգիս,187,40243
1967,մարգարիտ,174,40243
1967,ռոբերտ,173,40243
1967,դավիթ,171,40243
1967,արտակ,169,40243
1967,գրիգոր,163,40243
1967,ռուբեն,161,40243
1967,սուրեն,158,40243
1967,արարատ,151,40243
1967,լեվոն,150,40243
1967,լարիսա,148,40243
1967,նորայր,142,40243
1968,արմեն,1252,40595
1968,անահիտ,1130,40595
1968,արթուր,1047,40595
1968,գայանե,995,40595
1968,կարինե,854,40595
1968,նարինե,728,40595
1968,նունե,669,40595
1968,սուսաննա,601,40595
1968,մարինե,588,40595
1968,աննա,584,40595
1968,հասմիկ,568,40595
1968,ռուզաննա,559,40595
1968,սամվել,543,40595
1968,գոհար,535,40595
1968,գագիկ,477,40595
1968,վարդան,467,40595
1968,կարեն,446,40595
1968,աշոտ,441,40595
1968,նաիրա,411,40595
1968,արմինե,405,40595
1968,անդրանիկ,395,40595
1968,տիգրան,352,40595
1968,արսեն,328,40595
1968,հովհաննես,328,40595
1968,գեվորգ,324,40595
1968,անուշ,314,40595
1968,արամ,293,40595
1968,արայիկ,257,40595
1968,սարգիս,250,40595
1968,արմենուհի,228,40595
1968,սվետլանա,218,40595
1968,արտակ,214,40595
1968,ալվարդ,205,40595
1968,արա,205,40595
1968,թամարա,202,40595
1968,հակոբ,199,40595
1968,հարություն,197,40595
1968,մարիամ,196,40595
1968,աիդա,179,40595
1968,հայկ,173,40595
1968,գրիգոր,172,40595
1968,նելլի,171,40595
1968,դավիթ,170,40595
1968,ռոբերտ,170,40595
1968,համլետ,169,40595
1968,մարգարիտ,168,40595
1968,անժելա,162,40595
1968,սուրեն,159,40595
1968,մանվել,158,40595
1968,վահան,145,40595
1969,արմեն,1209,39434
1969,անահիտ,1009,39434
1969,արթուր,1004,39434
1969,գայանե,1002,39434
1969,կարինե,807,39434
1969,նարինե,744,39434
1969,նունե,734,39434
1969,աննա,584,39434
1969,մարինե,580,39434
1969,հասմիկ,577,39434
1969,սուսաննա,560,39434
1969,գոհար,534,39434
1969,սամվել,509,39434
1969,ռուզաննա,507,39434
1969,վարդան,491,39434
1969,գագիկ,453,39434
1969,կարեն,452,39434
1969,անդրանիկ,432,39434
1969,նաիրա,430,39434
1969,արմինե,426,39434
1969,տիգրան,413,39434
1969,աշոտ,403,39434
1969,գեվորգ,350,39434
1969,արսեն,343,39434
1969,անուշ,322,39434
1969,հովհաննես,302,39434
1969,լուսինե,291,39434
1969,արամ,280,39434
1969,արայիկ,276,39434
1969,արտակ,270,39434
1969,հարություն,232,39434
1969,հայկ,225,39434
1969,ալվարդ,213,39434
1969,արմենուհի,213,39434
1969,սարգիս,208,39434
1969,սվետլանա,196,39434
1969,համլետ,190,39434
1969,արա,188,39434
1969,աիդա,185,39434
1969,դավիթ,179,39434
1969,հակոբ,179,39434
1969,թամարա,176,39434
1969,մարգարիտ,173,39434
1969,նելլի,171,39434
1969,լիանա,168,39434
1969,մարիամ,167,39434
1969,գրիգոր,160,39434
1969,անժելա,157,39434
1969,աստղիկ,156,39434
1969,լեվոն,149,39434
1970,արմեն,1372,39762
1970,անահիտ,1026,39762
1970,գայանե,1009,39762
1970,արթուր,997,39762
1970,կարինե,782,39762
1970,նարինե,731,39762
1970,աննա,684,39762
1970,հասմիկ,624,39762
1970,գոհար,573,39762
1970,մարինե,567,39762
1970,նաիրա,557,39762
1970,արմինե,551,39762
1970,ռուզաննա,515,39762
1970,սուսաննա,507,39762
1970,սամվել,477,39762
1970,վարդան,476,39762
1970,կարեն,468,39762
1970,նունե,437,39762
1970,արսեն,433,39762
1970,գագիկ,422,39762
1970,լուսինե,419,39762
1970,աշոտ,403,39762
1970,անդրանիկ,388,39762
1970,անուշ,358,39762
1970,տիգրան,356,39762
1970,գեվորգ,338,39762
1970,արամ,331,39762
1970,հովհաննես,329,39762
1970,արտակ,287,39762
1970,հայկ,264,39762
1970,արայիկ,261,39762
1970,արմենուհի,236,39762
1970,արա,224,39762
1970,սարգիս,224,39762
1970,դավիթ,220,39762
1970,հարություն,217,39762
1970,ալվարդ,209,39762
1970,հակոբ,196,39762
1970,նելլի,196,39762
1970,թամարա,190,39762
1970,սվետլանա,182,39762
1970,համլետ,179,39762
1970,մարիամ,177,39762
1970,լիանա,176,39762
1970,աիդա,170,39762
1970,անժելա,169,39762
1970,լեվոն,169,39762
1970,գրիգոր,166,39762
1970,ռոբերտ,163,39762
1970,վահան,154,39762
1971,արմեն,1376,41482
1971,գայանե,1164,41482
1971,արթուր,1018,41482
1971,անահիտ,1009,41482
1971,կարինե,767,41482
1971,նարինե,720,41482
1971,աննա,715,41482
1971,արմինե,655,41482
1971,լուսինե,649,41482
1971,հասմիկ,639,41482
1971,մարինե,633,41482
1971,նաիրա,614,41482
1971,կարեն,579,41482
1971,գոհար,536,41482
1971,սամվել,524,41482
1971,սուսաննա,503,41482
1971,վարդան,492,41482
1971,ռուզաննա,486,41482
1971,արսեն,443,41482
1971,տիգրան,425,41482
1971,գագիկ,414,41482
1971,անուշ,394,41482
1971,գեվորգ,393,41482
1971,աշոտ,392,41482
1971,հովհաննես,382,41482
1971,արմենուհի,366,41482
1971,անդրանիկ,365,41482
1971,արամ,342,41482
1971,արտակ,333,41482
1971,նունե,325,41482
1971,արայիկ,256,41482
1971,հայկ,256,41482
1971,սարգիս,247,41482
1971,արա,240,41482
1971,համլետ,238,41482
1971,հարություն,232,41482
1971,նելլի,228,41482
1971,դավիթ,226,41482
1971,մարիամ,208,41482
1971,հակոբ,207,41482
1971,լիանա,186,41482
1971,անժելա,182,41482
1971,գրիգոր,175,41482
1971,թամարա,175,41482
1971,լեվոն,171,41482
1971,ալվարդ,160,41482
1971,էդուարդ,160,41482
1971,ռոբերտ,156,41482
1971,աստղիկ,155,41482
1971,սվետլանա,155,41482
1972,արմեն,1493,41313
1972,գայանե,1026,41313
1972,արթուր,1012,41313
1972,անահիտ,925,41313
1972,լուսինե,808,41313
1972,կարինե,786,41313
1972,աննա,696,41313
1972,արմինե,676,41313
1972,նարինե,668,41313
1972,հասմիկ,618,41313
1972,մարինե,589,41313
1972,կարեն,571,41313
1972,նաիրա,571,41313
1972,գոհար,546,41313
1972,սուսաննա,524,41313
1972,սամվել,485,41313
1972,արմենուհի,477,41313
1972,վարդան,472,41313
1972,արսեն,471,41313
1972,արտակ,449,41313
1972,ռուզաննա,418,41313
1972,գագիկ,409,41313
1972,աշոտ,377,41313
1972,գեվորգ,375,41313
1972,հովհաննես,372,41313
1972,անուշ,368,41313
1972,տիգրան,366,41313
1972,արամ,364,41313
1972,անդրանիկ,337,41313
1972,նունե,307,41313
1972,արա,255,41313
1972,հայկ,245,41313
1972,նելլի,243,41313
1972,դավիթ,241,41313
1972,հարություն,238,41313
1972,լիլիթ,230,41313
1972,արայիկ,227,41313
1972,մարիամ,222,41313
1972,հակոբ,219,41313
1972,սարգիս,213,41313
1972,համլետ,193,41313
1972,լիանա,192,41313
1972,գրիգոր,181,41313
1972,անժելա,180,41313
1972,արման,176,41313
1972,սուրեն,176,41313
1972,գարիկ,172,41313
1972,սվետլանա,170,41313
1972,թամարա,164,41313
1972,աիդա,161,41313
1973,արմեն,1538,41950
1973,արթուր,1097,41950
1973,լուսինե,1066,41950
1973,գայանե,1039,41950
1973,անահիտ,918,41950
1973,կարինե,833,41950
1973,աննա,708,41950
1973,արմինե,692,41950
1973,նարինե,686,41950
1973,կարեն,660,41950
1973,հասմիկ,651,41950
1973,նաիրա,635,41950
1973,մարինե,571,41950
1973,գոհար,519,41950
1973,սամվել,492,41950
1973,արսեն,486,41950
1973,արտակ,478,41950
1973,արմենուհի,464,41950
1973,սուսաննա,461,41950
1973,ռուզաննա,423,41950
1973,գեվորգ,415,41950
1973,վարդան,407,41950
1973,տիգրան,384,41950
1973,անուշ,380,41950
1973,գագիկ,372,41950
1973,աշոտ,368,41950
1973,հայկ,358,41950
1973,հովհաննես,348,41950
1973,արամ,304,41950
1973,համլետ,287,41950
1973,արման,280,41950
1973,լիանա,280,41950
1973,անդրանիկ,273,41950
1973,լիլիթ,263,41950
1973,սարգիս,251,41950
1973,մարիամ,243,41950
1973,նունե,233,41950
1973,արա,231,41950
1973,արարատ,225,41950
1973,նելլի,224,41950
1973,դավիթ,223,41950
1973,հարություն,212,41950
1973,արայիկ,210,41950
1973,հակոբ,198,41950
1973,էդուարդ,193,41950
1973,լեվոն,189,41950
1973,արտյոմ,181,41950
1973,անժելա,178,41950
1973,գրիգոր,175,41950
1973,վարդուհի,174,41950
1974,արմեն,1552,42663
1974,լուսինե,1246,42663
1974,արթուր,1075,42663
1974,գայանե,1001,42663
1974,կարինե,816,42663
1974,անահիտ,813,42663
1974,կարեն,811,42663
1974,արմինե,807,42663
1974,աննա,726,42663
1974,նաիրա,657,42663
1974,նարինե,626,42663
1974,հասմիկ,589,42663
1974,մարինե,572,42663
1974,արտակ,546,42663
1974,գոհար,506,42663
1974,արսեն,500,42663
1974,ռուզաննա,434,42663
1974,սամվել,424,42663
1974,գեվորգ,415,42663
1974,վարդան,405,42663
1974,արմենուհի,397,42663
1974,արման,380,42663
1974,տիգրան,374,42663
1974,սուսաննա,370,42663
1974,անուշ,369,42663
1974,գագիկ,365,42663
1974,հովհաննես,365,42663
1974,աշոտ,351,42663
1974,լիլիթ,351,42663
1974,լիանա,339,42663
1974,արամ,314,42663
1974,հայկ,311,42663
1974,դավիթ,293,42663
1974,անդրանիկ,287,42663
1974,համլետ,276,42663
1974,նելլի,276,42663
1974,քրիստինե,245,42663
1974,սարգիս,237,42663
1974,արտյոմ,230,42663
1974,մհեր,218,42663
1974,արա,211,42663
1974,մարիամ,210,42663
1974,նունե,206,42663
1974,հակոբ,205,42663
1974,հարություն,197,42663
1974,էդուարդ,192,42663
1974,անժելա,190,42663
1974,վահագն,188,42663
1974,աստղիկ,187,42663
1974,գարիկ,186,42663
1975,արմեն,1639,45207
1975,լուսինե,1399,45207
1975,կարեն,1261,45207
1975,արթուր,1167,45207
1975,գայանե,971,45207
1975,արմինե,847,45207
1975,կարինե,813,45207
1975,աննա,771,45207
1975,անահիտ,758,45207
1975,նաիրա,733,45207
1975,նարինե,648,45207
1975,արտակ,647,45207
1975,հասմիկ,588,45207
1975,մարինե,579,45207
1975,արման,534,45207
1975,արսեն,496,45207
1975,գոհար,489,45207
1975,լիլիթ,468,45207
1975,լիանա,467,45207
1975,սամվել,459,45207
1975,գեվորգ,431,45207
1975,վարդան,408,45207
1975,քրիստինե,405,45207
1975,հովհաննես,399,45207
1975,սուսաննա,396,45207
1975,արմենուհի,394,45207
1975,տիգրան,372,45207
1975,ռուզաննա,364,45207
1975,աշոտ,358,45207
1975,անուշ,354,45207
1975,գագիկ,349,45207
1975,արամ,339,45207
1975,հայկ,320,45207
1975,դավիթ,313,45207
1975,համլետ,294,45207
1975,նելլի,289,45207
1975,արտյոմ,245,45207
1975,սարգիս,240,45207
1975,ալինա,234,45207
1975,հարություն,233,45207
1975,հերմինե,225,45207
1975,մարիամ,223,45207
1975,անդրանիկ,215,45207
1975,հակոբ,215,45207
1975,արա,214,45207
1975,էդուարդ,209,45207
1975,արայիկ,204,45207
1975,մհեր,202,45207
1975,իրինա,201,45207
1975,լեվոն,197,45207
1976,արմեն,1566,46936
1976,կարեն,1403,46936
1976,լուսինե,1353,46936
1976,արթուր,1215,46936
1976,գայանե,941,46936
1976,արմինե,852,46936
1976,կարինե,829,46936
1976,արման,744,46936
1976,արտակ,724,46936
1976,աննա,712,46936
1976,անահիտ,696,46936
1976,մարինե,631,46936
1976,նարինե,629,46936
1976,նաիրա,622,46936
1976,հասմիկ,578,46936
1976,քրիստինե,571,46936
1976,լիլիթ,558,46936
1976,արսեն,535,46936
1976,գոհար,535,46936
1976,լիանա,535,46936
1976,գեվորգ,453,46936
1976,վարդան,413,46936
1976,սուսաննա,390,46936
1976,դավիթ,387,46936
1976,արամ,382,46936
1976,սամվել,379,46936
1976,հովհաննես,375,46936
1976,ռուզաննա,373,46936
1976,տիգրան,371,46936
1976,գագիկ,364,46936
1976,աշոտ,361,46936
1976,անուշ,358,46936
1976,հայկ,333,46936
1976,արմենուհի,306,46936
1976,համլետ,291,46936
1976,նելլի,291,46936
1976,արտյոմ,282,46936
1976,հերմինե,267,46936
1976,մարիամ,267,46936
1976,գարիկ,262,46936
1976,սարգիս,262,46936
1976,անդրանիկ,258,46936
1976,հարություն,241,46936
1976,ալինա,239,46936
1976,իրինա,233,46936
1976,արա,211,46936
1976,մհեր,209,46936
1976,հակոբ,200,46936
1976,մերի,200,46936
1976,անժելա,198,46936
1977,արմեն,1406,48609
1977,արթուր,1335,48609
1977,կարեն,1321,48609
1977,լուսինե,1320,48609
1977,արման,976,48609
1977,արմինե,930,48609
1977,աննա,868,48609
1977,գայանե,842,48609
1977,արտակ,779,48609
1977,կարինե,772,48609
1977,քրիստինե,758,48609
1977,նարինե,660,48609
1977,մարինե,648,48609
1977,անահիտ,641,48609
1977,լիլիթ,639,48609
1977,նաիրա,617,48609
1977,լիանա,563,48609
1977,արսեն,554,48609
1977,հասմիկ,538,48609
1977,գեվորգ,508,48609
1977,գոհար,448,48609
1977,հայկ,442,48609
1977,հովհաննես,417,48609
1977,վարդան,408,48609
1977,սամվել,396,48609
1977,արամ,395,48609
1977,ռուզաննա,392,48609
1977,տիգրան,374,48609
1977,անուշ,371,48609
1977,սուսաննա,365,48609
1977,դավիթ,348,48609
1977,աշոտ,343,48609
1977,արտյոմ,330,48609
1977,հերմինե,325,48609
1977,գագիկ,320,48609
1977,արմենուհի,296,48609
1977,սարգիս,281,48609
1977,նելլի,277,48609
1977,ալինա,271,48609
1977,գարիկ,269,48609
1977,համլետ,268,48609
1977,իրինա,259,48609
1977,մարիամ,257,48609
1977,վահե,252,48609
1977,անդրանիկ,250,48609
1977,հարություն,228,48609
1977,մհեր,227,48609
1977,մերի,205,48609
1977,վահագն,203,48609
1977,անժելա,199,48609
1978,արմեն,1556,49884
1978,կարեն,1303,49884
1978,արթուր,1260,49884
1978,լուսինե,1205,49884
1978,արման,1041,49884
1978,աննա,1002,49884
1978,արմինե,951,49884
1978,քրիստինե,865,49884
1978,գայանե,833,49884
1978,արտակ,757,49884
1978,կարինե,744,49884
1978,լիլիթ,705,49884
1978,նարինե,693,49884
1978,մարինե,653,49884
1978,լիանա,606,49884
1978,հասմիկ,579,49884
1978,գեվորգ,565,49884
1978,անահիտ,562,49884
1978,նաիրա,554,49884
1978,արսեն,517,49884
1978,գոհար,469,49884
1978,սամվել,438,49884
1978,հայկ,434,49884
1978,դավիթ,429,49884
1978,հովհաննես,426,49884
1978,վարդան,409,49884
1978,տիգրան,403,49884
1978,ռուզաննա,401,49884
1978,անուշ,397,49884
1978,արամ,393,49884
1978,արտյոմ,390,49884
1978,սարգիս,358,49884
1978,հերմինե,345,49884
1978,սուսաննա,326,49884
1978,աշոտ,323,49884
1978,նելլի,319,49884
1978,գագիկ,304,49884
1978,գարիկ,301,49884
1978,ալինա,282,49884
1978,իրինա,269,49884
1978,վահե,267,49884
1978,հարություն,266,49884
1978,արմենուհի,261,49884
1978,մարիամ,254,49884
1978,մերի,230,49884
1978,անդրանիկ,228,49884
1978,համլետ,227,49884
1978,հակոբ,220,49884
1978,գրիգոր,219,49884
1978,լեվոն,219,49884
1979,արմեն,1498,53391
1979,կարեն,1356,53391
1979,արթուր,1294,53391
1979,արման,1226,53391
1979,լուսինե,1166,53391
1979,քրիստինե,1120,53391
1979,աննա,1092,53391
1979,արմինե,918,53391
1979,գայանե,821,53391
1979,լիլիթ,803,53391
1979,արտակ,754,53391
1979,կարինե,714,53391
1979,մարինե,663,53391
1979,նարինե,661,53391
1979,անահիտ,620,53391
1979,գեվորգ,599,53391
1979,լիանա,596,53391
1979,հասմիկ,554,53391
1979,նաիրա,539,53391
1979,գոհար,527,53391
1979,էդգար,520,53391
1979,արսեն,518,53391
1979,դավիթ,511,53391
1979,հայկ,488,53391
1979,հովհաննես,469,53391
1979,արտյոմ,451,53391
1979,տիգրան,443,53391
1979,հերմինե,417,53391
1979,վարդան,411,53391
1979,արամ,399,53391
1979,անուշ,394,53391
1979,սամվել,392,53391
1979,ռուզաննա,387,53391
1979,աշոտ,374,53391
1979,գարիկ,364,53391
1979,վահե,340,53391
1979,սարգիս,328,53391
1979,նելլի,310,53391
1979,գագիկ,303,53391
1979,սուսաննա,300,53391
1979,իրինա,286,53391
1979,հարություն,271,53391
1979,տաթեվիկ,266,53391
1979,մարիամ,263,53391
1979,մերի,263,53391
1979,արմենուհի,257,53391
1979,ալինա,248,53391
1979,մհեր,248,53391
1979,անդրանիկ,247,53391
1979,սյուզաննա,247,53391
1980,արմեն,1430,54120
1980,կարեն,1299,54120
1980,արթուր,1238,54120
1980,քրիստինե,1146,54120
1980,արման,1145,54120
1980,լուսինե,1120,54120
1980,աննա,1099,54120
1980,արմինե,961,54120
1980,էդգար,780,54120
1980,լիլիթ,780,54120
1980,գայանե,767,54120
1980,արտակ,739,54120
1980,նարինե,717,54120
1980,մարինե,682,54120
1980,կարինե,680,54120
1980,լիանա,654,54120
1980,գեվորգ,629,54120
1980,հասմիկ,575,54120
1980,դավիթ,546,54120
1980,անահիտ,541,54120
1980,հովհաննես,507,54120
1980,գոհար,487,54120
1980,նաիրա,479,54120
1980,տիգրան,466,54120
1980,արսեն,464,54120
1980,հայկ,459,54120
1980,վարդան,456,54120
1980,արտյոմ,420,54120
1980,գարիկ,407,54120
1980,անուշ,398,54120
1980,արամ,391,54120
1980,հերմինե,381,54120
1980,աշոտ,373,54120
1980,ռուզաննա,371,54120
1980,սամվել,366,54120
1980,սարգիս,332,54120
1980,նելլի,312,54120
1980,հարություն,308,54120
1980,մերի,308,54120
1980,իրինա,306,54120
1980,վահե,301,54120
1980,տաթեվիկ,292,54120
1980,սուսաննա,286,54120
1980,ալինա,273,54120
1980,գագիկ,263,54120
1980,սյուզաննա,260,54120
1980,մարիամ,244,54120
1980,արմենուհի,241,54120
1980,արփինե,238,54120
1980,արա,237,54120
1981,արմեն,1426,56339
1981,արթուր,1372,56339
1981,կարեն,1283,56339
1981,աննա,1263,56339
1981,քրիստինե,1109,56339
1981,լուսինե,1091,56339
1981,արման,1067,56339
1981,արմինե,948,56339
1981,լիլիթ,890,56339
1981,էդգար,832,56339
1981,մարինե,793,56339
1981,նարինե,773,56339
1981,գեվորգ,707,56339
1981,գայանե,706,56339
1981,կարինե,670,56339
1981,լիանա,650,56339
1981,հասմիկ,635,56339
1981,արտակ,625,56339
1981,անահիտ,591,56339
1981,դավիթ,575,56339
1981,հայկ,525,56339
1981,գոհար,503,56339
1981,հովհաննես,501,56339
1981,արսեն,497,56339
1981,վարդան,475,56339
1981,նաիրա,472,56339
1981,տիգրան,469,56339
1981,արամ,435,56339
1981,անուշ,432,56339
1981,արտյոմ,419,56339
1981,գարիկ,408,56339
1981,տաթեվիկ,402,56339
1981,ռուզաննա,397,56339
1981,նելլի,366,56339
1981,սարգիս,366,56339
1981,աշոտ,356,56339
1981,սամվել,350,56339
1981,վահե,335,56339
1981,հերմինե,331,56339
1981,մարիամ,327,56339
1981,մերի,299,56339
1981,իրինա,293,56339
1981,հարություն,293,56339
1981,գագիկ,286,56339
1981,արփինե,285,56339
1981,լեվոն,273,56339
1981,սյուզաննա,263,56339
1981,անդրանիկ,253,56339
1981,սուսաննա,253,56339
1981,անժելա,250,56339
1981,մհեր,250,56339
1982,աննա,1336,55937
1982,արթուր,1305,55937
1982,արմեն,1243,55937
1982,կարեն,1124,55937
1982,լուսինե,1058,55937
1982,արմինե,1032,55937
1982,լիլիթ,986,55937
1982,արման,965,55937
1982,էդգար,939,55937
1982,քրիստինե,872,55937
1982,նարինե,830,55937
1982,մարինե,794,55937
1982,գայանե,712,55937
1982,գեվորգ,671,55937
1982,կարինե,635,55937
1982,անահիտ,591,55937
1982,լիանա,575,55937
1982,դավիթ,566,55937
1982,արտակ,565,55937
1982,հովհաննես,553,55937
1982,հասմիկ,547,55937
1982,հայկ,537,55937
1982,արսեն,502,55937
1982,գոհար,502,55937
1982,տիգրան,487,55937
1982,տաթեվիկ,462,55937
1982,նաիրա,445,55937
1982,անուշ,443,55937
1982,վարդան,443,55937
1982,հերմինե,430,55937
1982,արտյոմ,399,55937
1982,արամ,385,55937
1982,աշոտ,373,55937
1982,սամվել,366,55937
1982,սարգիս,352,55937
1982,մարիամ,335,55937
1982,հարություն,331,55937
1982,անի,329,55937
1982,գարիկ,328,55937
1982,վահե,328,55937
1982,ռուզաննա,312,55937
1982,գագիկ,285,55937
1982,գրիգոր,279,55937
1982,նելլի,271,55937
1982,թեհմինե,267,55937
1982,արփինե,262,55937
1982,անդրանիկ,259,55937
1982,իրինա,250,55937
1982,ռոման,250,55937
1982,լեվոն,248,55937
1983,աննա,1526,56753
1983,արմեն,1316,56753
1983,արթուր,1246,56753
1983,կարեն,1124,56753
1983,լուսինե,1116,56753
1983,լիլիթ,1098,56753
1983,արմինե,1052,56753
1983,նարինե,828,56753
1983,մարինե,821,56753
1983,էդգար,793,56753
1983,արման,788,56753
1983,գայանե,768,56753
1983,հասմիկ,752,56753
1983,գեվորգ,723,56753
1983,քրիստինե,652,56753
1983,կարինե,646,56753
1983,անահիտ,581,56753
1983,տաթեվիկ,579,56753
1983,հովհաննես,560,56753
1983,արսեն,555,56753
1983,արտակ,545,56753
1983,անուշ,541,56753
1983,դավիթ,527,56753
1983,հայկ,503,56753
1983,լիանա,502,56753
1983,գոհար,498,56753
1983,անի,471,56753
1983,տիգրան,459,56753
1983,վարդան,439,56753
1983,արամ,438,56753
1983,նաիրա,434,56753
1983,հերմինե,421,56753
1983,սարգիս,386,56753
1983,արտյոմ,375,56753
1983,սամվել,365,56753
1983,մարիամ,355,56753
1983,արփինե,341,56753
1983,աշոտ,337,56753
1983,գարիկ,334,56753
1983,ռուզաննա,333,56753
1983,վահե,324,56753
1983,գագիկ,306,56753
1983,հակոբ,298,56753
1983,հարություն,294,56753
1983,գոռ,273,56753
1983,գրիգոր,269,56753
1983,սոնա,269,56753
1983,նելլի,267,56753
1983,սուսաննա,260,56753
1983,անդրանիկ,256,56753
1984,աննա,1560,58110
1984,արթուր,1397,58110
1984,արմեն,1228,58110
1984,լիլիթ,1105,58110
1984,լուսինե,1096,58110
1984,կարեն,1081,58110
1984,արմինե,1080,58110
1984,նարինե,857,58110
1984,էդգար,843,58110
1984,մարինե,804,58110
1984,գեվորգ,749,58110
1984,հասմիկ,736,58110
1984,արման,722,58110
1984,գայանե,714,58110
1984,անի,665,58110
1984,անահիտ,632,58110
1984,տաթեվիկ,623,58110
1984,քրիստինե,607,58110
1984,դավիթ,591,58110
1984,կարինե,578,58110
1984,արսեն,566,58110
1984,հայկ,555,58110
1984,հովհաննես,553,58110
1984,արտակ,533,58110
1984,լիանա,523,58110
1984,գոհար,518,58110
1984,անուշ,512,58110
1984,տիգրան,482,58110
1984,վարդան,468,58110
1984,արամ,443,58110
1984,հերմինե,425,58110
1984,նաիրա,414,58110
1984,մարիամ,401,58110
1984,աշոտ,363,58110
1984,սարգիս,357,58110
1984,սամվել,356,58110
1984,հարություն,355,58110
1984,արտյոմ,350,58110
1984,արփինե,349,58110
1984,գարիկ,339,58110
1984,վահե,335,58110
1984,ռուզաննա,325,58110
1984,գոռ,306,58110
1984,գագիկ,298,58110
1984,նելլի,284,58110
1984,սոնա,283,58110
1984,գրիգոր,264,58110
1984,լեվոն,263,58110
1984,անդրանիկ,261,58110
1984,հակոբ,256,58110
1984,մերի,256,58110
1985,աննա,1481,56686
1985,արթուր,1350,56686
1985,լիլիթ,1079,56686
1985,արմինե,1070,56686
1985,կարեն,1058,56686
1985,արմեն,1053,56686
1985,լուսինե,1004,56686
1985,նարինե,850,56686
1985,անի,841,56686
1985,հասմիկ,752,56686
1985,մարինե,733,56686
1985,դավիթ,723,56686
1985,արման,677,56686
1985,գայանե,662,56686
1985,գեվորգ,658,56686
1985,էդգար,657,56686
1985,անահիտ,641,56686
1985,տաթեվիկ,627,56686
1985,հայկ,576,56686
1985,լիանա,548,56686
1985,գոհար,535,56686
1985,կարինե,528,56686
1985,քրիստինե,525,56686
1985,հովհաննես,517,56686
1985,անուշ,504,56686
1985,տիգրան,501,56686
1985,արտակ,487,56686
1985,արսեն,485,56686
1985,սյուզաննա,453,56686
1985,մարիամ,426,56686
1985,արփինե,422,56686
1985,հերմինե,415,56686
1985,արամ,408,56686
1985,վարդան,395,56686
1985,սարգիս,379,56686
1985,նաիրա,376,56686
1985,գարիկ,373,56686
1985,սոնա,370,56686
1985,ռուզաննա,341,56686
1985,հարություն,329,56686
1985,արտյոմ,326,56686
1985,վահե,325,56686
1985,աշոտ,319,56686
1985,մերի,303,56686
1985,սամվել,301,56686
1985,նելլի,295,56686
1985,գոռ,289,56686
1985,աստղիկ,275,56686
1985,գրիգոր,258,56686
1985,սուսաննա,250,56686
1986,աննա,1470,50955
1986,լիլիթ,1123,50955
1986,արմինե,1038,50955
1986,արթուր,1017,50955
1986,անի,975,50955
1986,լուսինե,901,50955
1986,արմեն,860,50955
1986,կարեն,785,50955
1986,նարինե,742,50955
1986,հասմիկ,728,50955
1986,տաթեվիկ,705,50955
1986,գայանե,699,50955
1986,մարինե,692,50955
1986,դավիթ,611,50955
1986,անահիտ,610,50955
1986,կարինե,549,50955
1986,արման,548,50955
1986,գեվորգ,546,50955
1986,հայկ,539,50955
1986,սյուզաննա,504,50955
1986,էդգար,489,50955
1986,անուշ,484,50955
1986,քրիստինե,480,50955
1986,լիանա,475,50955
1986,գոհար,471,50955
1986,տիգրան,459,50955
1986,արսեն,427,50955
1986,մարիամ,417,50955
1986,հովհաննես,416,50955
1986,արփինե,406,50955
1986,արտակ,382,50955
1986,սոնա,365,50955
1986,նաիրա,356,50955
1986,արամ,341,50955
1986,հերմինե,327,50955
1986,վահե,313,50955
1986,վարդան,312,50955
1986,մերի,304,50955
1986,արտյոմ,296,50955
1986,աշոտ,289,50955
1986,սարգիս,288,50955
1986,արեվիկ,285,50955
1986,ռուզաննա,281,50955
1986,գարիկ,277,50955
1986,աստղիկ,274,50955
1986,նելլի,264,50955
1986,սամվել,259,50955
1986,գոռ,251,50955
1986,հարություն,246,50955
1986,սուսաննա,244,50955
1987,աննա,1299,46296
1987,անի,1127,46296
1987,լիլիթ,1036,46296
1987,արմինե,848,46296
1987,լուսինե,848,46296
1987,արթուր,812,46296
1987,նարինե,732,46296
1987,արմեն,668,46296
1987,կարեն,657,46296
1987,հասմիկ,648,46296
1987,մարինե,606,46296
1987,տաթեվիկ,572,46296
1987,սյուզաննա,562,46296
1987,դավիթ,543,46296
1987,անահիտ,536,46296
1987,գայանե,522,46296
1987,հայկ,462,46296
1987,մելինե,456,46296
1987,անուշ,453,46296
1987,գեվորգ,451,46296
1987,կարինե,446,46296
1987,գոհար,444,46296
1987,արման,442,46296
1987,քրիստինե,439,46296
1987,լիանա,404,46296
1987,մարիամ,404,46296
1987,արփինե,390,46296
1987,էդգար,388,46296
1987,սոնա,378,46296
1987,արսեն,364,46296
1987,տիգրան,360,46296
1987,հովհաննես,346,46296
1987,մերի,339,46296
1987,նաիրա,304,46296
1987,ռուզաննա,294,46296
1987,արտակ,283,46296
1987,արամ,281,46296
1987,հերմինե,276,46296
1987,նելլի,270,46296
1987,սարգիս,267,46296
1987,վահե,250,46296
1987,վարդան,247,46296
1987,արեվիկ,245,46296
1987,գարիկ,243,46296
1987,նարեկ,233,46296
1987,վարդուհի,233,46296
1987,աշոտ,232,46296
1987,աստղիկ,228,46296
1987,գոռ,224,46296
1987,արտյոմ,221,46296
1988,անի,1374,47475
1988,աննա,1318,47475
1988,լիլիթ,930,47475
1988,արթուր,873,47475
1988,արմինե,819,47475
1988,արմեն,797,47475
1988,լուսինե,760,47475
1988,դավիթ,665,47475
1988,կարեն,647,47475
1988,տաթեվիկ,643,47475
1988,նարինե,642,47475
1988,հասմիկ,622,47475
1988,արման,580,47475
1988,գեվորգ,577,47475
1988,հայկ,575,47475
1988,մարինե,536,47475
1988,գայանե,524,47475
1988,անահիտ,515,47475
1988,տիգրան,458,47475
1988,սյուզաննա,439,47475
1988,կարինե,424,47475
1988,մարիամ,419,47475
1988,անուշ,405,47475
1988,անդրանիկ,404,47475
1988,հովհաննես,397,47475
1988,գոհար,392,47475
1988,նարեկ,388,47475
1988,սոնա,382,47475
1988,էդգար,375,47475
1988,լիանա,371,47475
1988,քրիստինե,369,47475
1988,արամ,368,47475
1988,մելինե,360,47475
1988,մերի,332,47475
1988,արփինե,331,47475
1988,արսեն,307,47475
1988,արտակ,304,47475
1988,նաիրա,303,47475
1988,գոռ,293,47475
1988,վարդան,292,47475
1988,վահե,284,47475
1988,սարգիս,266,47475
1988,նելլի,260,47475
1988,գարիկ,253,47475
1988,աստղիկ,247,47475
1988,արտյոմ,247,47475
1988,արեվիկ,244,47475
1988,լեվոն,233,47475
1988,ռուզաննա,233,47475
1988,հարություն,229,47475
1988,սամվել,229,47475