name,count,year,sex,total_by_sex,total_newborns
նարեկ,938,2007,male,21435,40142
դավիթ,921,2007,male,21435,40142
հայկ,667,2007,male,21435,40142
էրիկ,661,2007,male,21435,40142
գոռ,585,2007,male,21435,40142
արման,575,2007,male,21435,40142
արթուր,491,2007,male,21435,40142
արմեն,472,2007,male,21435,40142
տիգրան,438,2007,male,21435,40142
սամվել,433,2007,male,21435,40142
աշոտ,375,2007,male,21435,40142
գևորգ,373,2007,male,21435,40142
վահե,371,2007,male,21435,40142
արամ,363,2007,male,21435,40142
արսեն,351,2007,male,21435,40142
կարեն,349,2007,male,21435,40142
սարգիս,345,2007,male,21435,40142
արտյոմ,334,2007,male,21435,40142
գագիկ,325,2007,male,21435,40142
լևոն,276,2007,male,21435,40142
հովհաննես,273,2007,male,21435,40142
էդգար,222,2007,male,21435,40142
սուրեն,200,2007,male,21435,40142
հարություն,189,2007,male,21435,40142
սերգեյ,184,2007,male,21435,40142
միքայել,175,2007,male,21435,40142
վարդան,168,2007,male,21435,40142
համլետ,163,2007,male,21435,40142
ռուբեն,162,2007,male,21435,40142
մհեր,158,2007,male,21435,40142
արեն,155,2007,male,21435,40142
ալեն,155,2007,male,21435,40142
գարիկ,154,2007,male,21435,40142
ալբերտ,153,2007,male,21435,40142
գրիգոր,153,2007,male,21435,40142
ռոբերտ,152,2007,male,21435,40142
անդրանիկ,150,2007,male,21435,40142
հակոբ,150,2007,male,21435,40142
ալեքս,128,2007,male,21435,40142
ռաֆայել,120,2007,male,21435,40142
ժորա,117,2007,male,21435,40142
վահագն,111,2007,male,21435,40142
ռազմիկ,108,2007,male,21435,40142
վահան,105,2007,male,21435,40142
էդուարդ,105,2007,male,21435,40142
մանվել,100,2007,male,21435,40142
խաչիկ,96,2007,male,21435,40142
միլենա,863,2007,female,18707,40142
անի,723,2007,female,18707,40142
էլեն,643,2007,female,18707,40142
անահիտ,579,2007,female,18707,40142
մարիամ,576,2007,female,18707,40142
աննա,518,2007,female,18707,40142
լիլիթ,469,2007,female,18707,40142
սերի,465,2007,female,18707,40142
գայանե,336,2007,female,18707,40142
մանե,332,2007,female,18707,40142
նարե,316,2007,female,18707,40142
հասմիկ,283,2007,female,18707,40142
գոհար,276,2007,female,18707,40142
լուսինե,268,2007,female,18707,40142
սյուզաննա,264,2007,female,18707,40142
սուսաննա,259,2007,female,18707,40142
կարինե,238,2007,female,18707,40142
մարիա,235,2007,female,18707,40142
լիանա,234,2007,female,18707,40142
անուշ,210,2007,female,18707,40142
սոնա,200,2007,female,18707,40142
դիանա,186,2007,female,18707,40142
մարի,168,2007,female,18707,40142
մոնիկա,168,2007,female,18707,40142
ռուզաննա,165,2007,female,18707,40142
վիկտորյա,152,2007,female,18707,40142
անգելինա,150,2007,female,18707,40142
սվետլանա,147,2007,female,18707,40142
լիլիա,142,2007,female,18707,40142
սյուզի,140,2007,female,18707,40142
էմմա,137,2007,female,18707,40142
մելինե,135,2007,female,18707,40142
արմինե,130,2007,female,18707,40142
թամարա,125,2007,female,18707,40142
աստղիկ,125,2007,female,18707,40142
մարինե,122,2007,female,18707,40142
սեդա,119,2007,female,18707,40142
տաթևիկ,115,2007,female,18707,40142
լաուրա,111,2007,female,18707,40142
քրիստինե,107,2007,female,18707,40142
մարինա,105,2007,female,18707,40142
նելլի,105,2007,female,18707,40142
անժելա,103,2007,female,18707,40142
լուիզա,103,2007,female,18707,40142
լիա,103,2007,female,18707,40142
արևիկ,98,2007,female,18707,40142
էլինա,98,2007,female,18707,40142
նարեկ,908,2006,male,20025,37639
դավիթ,870,2006,male,20025,37639
հայկ,509,2006,male,20025,37639
էրիկ,632,2006,male,20025,37639
գոռ,526,2006,male,20025,37639
արման,566,2006,male,20025,37639
արթուր,465,2006,male,20025,37639
արմեն,426,2006,male,20025,37639
տիգրան,436,2006,male,20025,37639
սամվել,433,2006,male,20025,37639
աշոտ,317,2006,male,20025,37639
գևորգ,349,2006,male,20025,37639
վահե,340,2006,male,20025,37639
արամ,289,2006,male,20025,37639
արսեն,344,2006,male,20025,37639
կարեն,333,2006,male,20025,37639
սարգիս,307,2006,male,20025,37639
արտյոմ,316,2006,male,20025,37639
գագիկ,247,2006,male,20025,37639
լևոն,255,2006,male,20025,37639
հովհաննես,248,2006,male,20025,37639
էդգար,217,2006,male,20025,37639
սուրեն,185,2006,male,20025,37639
հարություն,196,2006,male,20025,37639
սերգեյ,151,2006,male,20025,37639
միքայել,145,2006,male,20025,37639
վարդան,148,2006,male,20025,37639
համլետ,164,2006,male,20025,37639
ռուբեն,137,2006,male,20025,37639
մհեր,123,2006,male,20025,37639
արեն,143,2006,male,20025,37639
ալեն,119,2006,male,20025,37639
գարիկ,125,2006,male,20025,37639
ալբերտ,159,2006,male,20025,37639
գրիգոր,150,2006,male,20025,37639
ռոբերտ,166,2006,male,20025,37639
անդրանիկ,142,2006,male,20025,37639
հակոբ,156,2006,male,20025,37639
ալեքս,114,2006,male,20025,37639
ռաֆայել,130,2006,male,20025,37639
ժորա,111,2006,male,20025,37639
վահագն,100,2006,male,20025,37639
ռազմիկ,131,2006,male,20025,37639
վահան,115,2006,male,20025,37639
էդուարդ,104,2006,male,20025,37639
մանվել,79,2006,male,20025,37639
խաչիկ,101,2006,male,20025,37639
միլենա,728,2006,female,17614,37639
անի,708,2006,female,17614,37639
էլեն,566,2006,female,17614,37639
անահիտ,581,2006,female,17614,37639
մարիամ,501,2006,female,17614,37639
աննա,544,2006,female,17614,37639
լիլիթ,402,2006,female,17614,37639
սերի,478,2006,female,17614,37639
գայանե,307,2006,female,17614,37639
մանե,305,2006,female,17614,37639
նարե,211,2006,female,17614,37639
հասմիկ,304,2006,female,17614,37639
գոհար,268,2006,female,17614,37639
լուսինե,255,2006,female,17614,37639
սյուզաննա,263,2006,female,17614,37639
սուսաննա,243,2006,female,17614,37639
կարինե,234,2006,female,17614,37639
մարիա,188,2006,female,17614,37639
լիանա,254,2006,female,17614,37639
անուշ,178,2006,female,17614,37639
սոնա,219,2006,female,17614,37639
դիանա,196,2006,female,17614,37639
մարի,130,2006,female,17614,37639
մոնիկա,148,2006,female,17614,37639
ռուզաննա,154,2006,female,17614,37639
վիկտորյա,120,2006,female,17614,37639
անգելինա,98,2006,female,17614,37639
սվետլանա,106,2006,female,17614,37639
լիլիա,119,2006,female,17614,37639
սյուզի,97,2006,female,17614,37639
էմմա,132,2006,female,17614,37639
մելինե,154,2006,female,17614,37639
արմինե,141,2006,female,17614,37639
թամարա,157,2006,female,17614,37639
աստղիկ,119,2006,female,17614,37639
մարինե,98,2006,female,17614,37639
սեդա,122,2006,female,17614,37639
տաթևիկ,136,2006,female,17614,37639
լաուրա,103,2006,female,17614,37639
քրիստինե,123,2006,female,17614,37639
մարինա,58,2006,female,17614,37639
նելլի,105,2006,female,17614,37639
անժելա,110,2006,female,17614,37639
լուիզա,86,2006,female,17614,37639
լիա,82,2006,female,17614,37639
արևիկ,77,2006,female,17614,37639
էլինա,67,2006,female,17614,37639
նարեկ,1027,2008,male,22042,41238
դավիթ,902,2008,male,22042,41238
էրիկ,724,2008,male,22042,41238
հայկ,664,2008,male,22042,41238
արման,588,2008,male,22042,41238
գոռ,566,2008,male,22042,41238
արթուր,529,2008,male,22042,41238
տիգրան,504,2008,male,22042,41238
սամվել,489,2008,male,22042,41238
արմեն,468,2008,male,22042,41238
աշոտ,368,2008,male,22042,41238
գևորգ,353,2008,male,22042,41238
արամ,352,2008,male,22042,41238
արտյոմ,340,2008,male,22042,41238
վահե,337,2008,male,22042,41238
արսեն,335,2008,male,22042,41238
սարգիս,322,2008,male,22042,41238
գագիկ,321,2008,male,22042,41238
կարեն,320,2008,male,22042,41238
հովհաննես,293,2008,male,22042,41238
ալեն,282,2008,male,22042,41238
լևոն,262,2008,male,22042,41238
էդգար,236,2008,male,22042,41238
հարություն,213,2008,male,22042,41238
ալեքս,195,2008,male,22042,41238
հակոբ,180,2008,male,22042,41238
միքայել,175,2008,male,22042,41238
ռոբերտ,174,2008,male,22042,41238
սուրեն,173,2008,male,22042,41238
վարդան,170,2008,male,22042,41238
գարիկ,168,2008,male,22042,41238
ալբերտ,165,2008,male,22042,41238
արեն,164,2008,male,22042,41238
անդրանիկ,162,2008,male,22042,41238
համլետ,157,2008,male,22042,41238
գրիգոր,152,2008,male,22042,41238
սերգեյ,151,2008,male,22042,41238
ռուբեն,143,2008,male,22042,41238
մհեր,137,2008,male,22042,41238
ռաֆայել,131,2008,male,22042,41238
վահագն,126,2008,male,22042,41238
էդուարդ,124,2008,male,22042,41238
ալեքսանդր,110,2008,male,22042,41238
արամե,110,2008,male,22042,41238
վահան,109,2008,male,22042,41238
մարտին,102,2008,male,22042,41238
գուրգեն,100,2008,male,22042,41238
ռազմիկ,98,2008,male,22042,41238
միլենա,815,2008,female,19196,41238
էլեն,767,2008,female,19196,41238
անի,703,2008,female,19196,41238
անահիտ,607,2008,female,19196,41238
մարիամ,529,2008,female,19196,41238
աննա,511,2008,female,19196,41238
մերի,439,2008,female,19196,41238
մանե,427,2008,female,19196,41238
լիլիթ,409,2008,female,19196,41238
նարե,380,2008,female,19196,41238
գայանե,358,2008,female,19196,41238
հասմիկ,310,2008,female,19196,41238
գոհար,308,2008,female,19196,41238
սուսաննա,389,2008,female,19196,41238
անգելինա,285,2008,female,19196,41238
սյուզաննա,269,2008,female,19196,41238
մարիա,262,2008,female,19196,41238
կարինե,232,2008,female,19196,41238
լիանա,231,2008,female,19196,41238
մարի,227,2008,female,19196,41238
սոնա,224,2008,female,19196,41238
դիանա,203,2008,female,19196,41238
լուսինե,197,2008,female,19196,41238
անուշ,183,2008,female,19196,41238
մոնիկա,165,2008,female,19196,41238
վիկտորյա,161,2008,female,19196,41238
ռուզաննա,157,2008,female,19196,41238
արմինե,150,2008,female,19196,41238
թամարա,150,2008,female,19196,41238
անժելա,127,2008,female,19196,41238
էմմա,127,2008,female,19196,41238
մարինա,127,2008,female,19196,41238
լիլիա,125,2008,female,19196,41238
նելլի,122,2008,female,19196,41238
սոֆի,119,2008,female,19196,41238
սեդա,118,2008,female,19196,41238
մարինե,117,2008,female,19196,41238
նանե,113,2008,female,19196,41238
մելինե,113,2008,female,19196,41238
նարինե,112,2008,female,19196,41238
աստղիկ,112,2008,female,19196,41238
սյուզի,112,2008,female,19196,41238
սվետլանա,111,2008,female,19196,41238
լուիզա,107,2008,female,19196,41238
սոֆյա,104,2008,female,19196,41238
մարգարիտա,103,2008,female,19196,41238
մարիետա,103,2008,female,19196,41238
լիա,103,2008,female,19196,41238
նարեկ,1200,2010,male,23969,44825
դավիթ,1111,2010,male,23969,44825
գոռ,744,2010,male,23969,44825
արման,677,2010,male,23969,44825
էրիկ,649,2010,male,23969,44825
հայկ,610,2010,male,23969,44825
տիգրան,536,2010,male,23969,44825
սամվել,533,2010,male,23969,44825
արթուր,509,2010,male,23969,44825
ալեն,500,2010,male,23969,44825
ալեքս,470,2010,male,23969,44825
արմեն,441,2010,male,23969,44825
արամ,415,2010,male,23969,44825
աշոտ,401,2010,male,23969,44825
վահե,396,2010,male,23969,44825
արսեն,373,2010,male,23969,44825
գևորգ,363,2010,male,23969,44825
արտյոմ,357,2010,male,23969,44825
գագիկ,344,2010,male,23969,44825
կարեն,325,2010,male,23969,44825
լևոն,306,2010,male,23969,44825
սարգիս,306,2010,male,23969,44825
արեն,281,2010,male,23969,44825
հովհաննես,272,2010,male,23969,44825
սուրեն,217,2010,male,23969,44825
վարդան,202,2010,male,23969,44825
մհեր,193,2010,male,23969,44825
հարություն,189,2010,male,23969,44825
գարիկ,187,2010,male,23969,44825
միքայել,181,2010,male,23969,44825
ռոբերտ,168,2010,male,23969,44825
հակոբ,165,2010,male,23969,44825
էդգար,158,2010,male,23969,44825
համլետ,157,2010,male,23969,44825
գրիգոր,153,2010,male,23969,44825
ռուբեն,152,2010,male,23969,44825
սերգեյ,150,2010,male,23969,44825
անդրանիկ,150,2010,male,23969,44825
ալբերտ,148,2010,male,23969,44825
ռաֆայել,148,2010,male,23969,44825
ալեքսանդր,127,2010,male,23969,44825
վահան,124,2010,male,23969,44825
էդուարդ,119,2010,male,23969,44825
դանիել,107,2010,male,23969,44825
մանվել,106,2010,male,23969,44825
ռազմիկ,106,2010,male,23969,44825
վահագն,104,2010,male,23969,44825
գուրգեն,102,2010,male,23969,44825
մանե,729,2009,female,20761,44413
անի,770,2009,female,20761,44413
միլենա,730,2009,female,20761,44413
անահիտ,631,2009,female,20761,44413
էլեն,749,2009,female,20761,44413
աննա,495,2009,female,20761,44413
նարե,574,2009,female,20761,44413
մարիամ,561,2009,female,20761,44413
մերի,490,2009,female,20761,44413
մարի,323,2009,female,20761,44413
եվա,200,2009,female,20761,44413
գայանե,390,2009,female,20761,44413
մարիա,335,2009,female,20761,44413
լիլիթ,466,2009,female,20761,44413
անգելինա,263,2009,female,20761,44413
հասմիկ,289,2009,female,20761,44413
սուսաննա,322,2009,female,20761,44413
գոհար,279,2009,female,20761,44413
կարինե,263,2009,female,20761,44413
լիանա,250,2009,female,20761,44413
լուսինե,230,2009,female,20761,44413
սոնա,252,2009,female,20761,44413
վիկտորյա,200,2009,female,20761,44413
ռուզաննա,191,2009,female,20761,44413
սյուզաննա,214,2009,female,20761,44413
անուշ,190,2009,female,20761,44413
մարիաննա,113,2009,female,20761,44413
մոնիկա,204,2009,female,20761,44413
սոֆի,167,2009,female,20761,44413
դիանա,191,2009,female,20761,44413
յանա,52,2009,female,20761,44413
թամարա,157,2009,female,20761,44413
արևիկ,112,2009,female,20761,44413
նանե,107,2009,female,20761,44413
սվետլանա,129,2009,female,20761,44413
էլինա,79,2009,female,20761,44413
մարինե,107,2009,female,20761,44413
ալլա,117,2009,female,20761,44413
արմինե,152,2009,female,20761,44413
սյուզի,139,2009,female,20761,44413
նարինե,123,2009,female,20761,44413
սոֆյա,100,2009,female,20761,44413
նելլի,102,2009,female,20761,44413
անժելա,122,2009,female,20761,44413
լաուրա,132,2009,female,20761,44413
վարդուհի,89,2009,female,20761,44413
էմմա,113,2009,female,20761,44413
սեդա,112,2009,female,20761,44413
մանե,914,2010,female,20856,44825
անի,733,2010,female,20856,44825
միլենա,718,2010,female,20856,44825
անահիտ,689,2010,female,20856,44825
էլեն,683,2010,female,20856,44825
աննա,610,2010,female,20856,44825
նարե,600,2010,female,20856,44825
մարիամ,501,2010,female,20856,44825
մերի,431,2010,female,20856,44825
մարի,413,2010,female,20856,44825
եվա,377,2010,female,20856,44825
գայանե,372,2010,female,20856,44825
մարիա,359,2010,female,20856,44825
լիլիթ,359,2010,female,20856,44825
անգելինա,324,2010,female,20856,44825
հասմիկ,311,2010,female,20856,44825
սուսաննա,297,2010,female,20856,44825
գոհար,275,2010,female,20856,44825
կարինե,274,2010,female,20856,44825
լիանա,238,2010,female,20856,44825
լուսինե,222,2010,female,20856,44825
սոնա,209,2010,female,20856,44825
վիկտորյա,202,2010,female,20856,44825
ռուզաննա,191,2010,female,20856,44825
սյուզաննա,183,2010,female,20856,44825
անուշ,168,2010,female,20856,44825
մարիաննա,167,2010,female,20856,44825
մոնիկա,167,2010,female,20856,44825
սոֆի,160,2010,female,20856,44825
դիանա,159,2010,female,20856,44825
յանա,147,2010,female,20856,44825
թամարա,139,2010,female,20856,44825
արևիկ,133,2010,female,20856,44825
նանե,132,2010,female,20856,44825
սվետլանա,122,2010,female,20856,44825
էլինա,121,2010,female,20856,44825
մարինե,118,2010,female,20856,44825
ալլա,117,2010,female,20856,44825
արմինե,117,2010,female,20856,44825
սյուզի,115,2010,female,20856,44825
նարինե,113,2010,female,20856,44825
սոֆյա,108,2010,female,20856,44825
նելլի,108,2010,female,20856,44825
անժելա,108,2010,female,20856,44825
լաուրա,107,2010,female,20856,44825
վարդուհի,105,2010,female,20856,44825
էմմա,105,2010,female,20856,44825
սեդա,105,2010,female,20856,44825
նարեկ,1134,2009,male,23652,44413
դավիթ,1049,2009,male,23652,44413
գոռ,725,2009,male,23652,44413
արման,704,2009,male,23652,44413
էրիկ,675,2009,male,23652,44413
հայկ,641,2009,male,23652,44413
տիգրան,497,2009,male,23652,44413
սամվել,515,2009,male,23652,44413
արթուր,539,2009,male,23652,44413
ալեն,453,2009,male,23652,44413
ալեքս,300,2009,male,23652,44413
արմեն,480,2009,male,23652,44413
արամ,413,2009,male,23652,44413
աշոտ,440,2009,male,23652,44413
վահե,376,2009,male,23652,44413
արսեն,332,2009,male,23652,44413
գևորգ,351,2009,male,23652,44413
արտյոմ,368,2009,male,23652,44413
գագիկ,371,2009,male,23652,44413
կարեն,337,2009,male,23652,44413
լևոն,272,2009,male,23652,44413
սարգիս,313,2009,male,23652,44413
արեն,292,2009,male,23652,44413
հովհաննես,286,2009,male,23652,44413
սուրեն,213,2009,male,23652,44413
վարդան,178,2009,male,23652,44413
մհեր,175,2009,male,23652,44413
հարություն,222,2009,male,23652,44413
գարիկ,214,2009,male,23652,44413
միքայել,171,2009,male,23652,44413
ռոբերտ,190,2009,male,23652,44413
հակոբ,188,2009,male,23652,44413
էդգար,193,2009,male,23652,44413
համլետ,150,2009,male,23652,44413
գրիգոր,170,2009,male,23652,44413
ռուբեն,149,2009,male,23652,44413
սերգեյ,162,2009,male,23652,44413
անդրանիկ,162,2009,male,23652,44413
ալբերտ,149,2009,male,23652,44413
ռաֆայել,153,2009,male,23652,44413
ալեքսանդր,92,2009,male,23652,44413
վահան,121,2009,male,23652,44413
էդուարդ,112,2009,male,23652,44413
դանիել,73,2009,male,23652,44413
մանվել,100,2009,male,23652,44413
ռազմիկ,114,2009,male,23652,44413
վահագն,131,2009,male,23652,44413
գուրգեն,100,2009,male,23652,44413
մանե,839,2011,female,20287,43897
միլենա,831,2011,female,20287,43897
մարի,777,2011,female,20287,43897
էլեն,765,2011,female,20287,43897
նարե,679,2011,female,20287,43897
անի,654,2011,female,20287,43897
աննա,588,2011,female,20287,43897
անահիտ,544,2011,female,20287,43897
մարիամ,491,2011,female,20287,43897
մերի,403,2011,female,20287,43897
մարիա,359,2011,female,20287,43897
գայանե,355,2011,female,20287,43897
լիլիթ,339,2011,female,20287,43897
եվա,326,2011,female,20287,43897
անգելինա,321,2011,female,20287,43897
հասմիկ,318,2011,female,20287,43897
սուսաննա,268,2011,female,20287,43897
սոնա,259,2011,female,20287,43897
գոհար,238,2011,female,20287,43897
կարինե,234,2011,female,20287,43897
մարիաննա,174,2011,female,20287,43897
վիկտորյա,169,2011,female,20287,43897
ռուզաննա,165,2011,female,20287,43897
անուշ,163,2011,female,20287,43897
նատալի,161,2011,female,20287,43897
լուսինե,160,2011,female,20287,43897
լիանա,152,2011,female,20287,43897
սյուզաննա,146,2011,female,20287,43897
դիանա,144,2011,female,20287,43897
յանա,129,2011,female,20287,43897
արևիկ,127,2011,female,20287,43897
մարինե,126,2011,female,20287,43897
սյուզի,125,2011,female,20287,43897
մոնիկա,122,2011,female,20287,43897
թամարա,117,2011,female,20287,43897
արմինե,116,2011,female,20287,43897
էլինա,114,2011,female,20287,43897
մարինա,112,2011,female,20287,43897
սվետլանա,111,2011,female,20287,43897
նարինե,111,2011,female,20287,43897
սեդա,111,2011,female,20287,43897
նելլի,108,2011,female,20287,43897
մարգարիտա,107,2011,female,20287,43897
աստղիկ,107,2011,female,20287,43897
սոֆյա,105,2011,female,20287,43897
կարինա,105,2011,female,20287,43897
էմմա,103,2011,female,20287,43897
լինա,102,2011,female,20287,43897
նարեկ,1194,2011,male,23610,43897
դավիթ,1113,2011,male,23610,43897
գոռ,786,2011,male,23610,43897
հայկ,649,2011,male,23610,43897
էրիկ,640,2011,male,23610,43897
տիգրան,570,2011,male,23610,43897
արման,568,2011,male,23610,43897
ալեն,563,2011,male,23610,43897
ալեքս,512,2011,male,23610,43897
սամվել,512,2011,male,23610,43897
արթուր,470,2011,male,23610,43897
արմեն,424,2011,male,23610,43897
արամ,417,2011,male,23610,43897
աշոտ,390,2011,male,23610,43897
գևորգ,360,2011,male,23610,43897
վահե,353,2011,male,23610,43897
արսեն,331,2011,male,23610,43897
գագիկ,326,2011,male,23610,43897
լևոն,325,2011,male,23610,43897
կարեն,316,2011,male,23610,43897
սարգիս,305,2011,male,23610,43897
հովհաննես,277,2011,male,23610,43897
արտյոմ,266,2011,male,23610,43897
արեն,261,2011,male,23610,43897
վարդան,231,2011,male,23610,43897
ռոբերտ,201,2011,male,23610,43897
հարություն,192,2011,male,23610,43897
սուրեն,190,2011,male,23610,43897
միքայել,181,2011,male,23610,43897
ռուբեն,174,2011,male,23610,43897
մհեր,166,2011,male,23610,43897
համլետ,159,2011,male,23610,43897
սերգեյ,156,2011,male,23610,43897
գարիկ,153,2011,male,23610,43897
ալբերտ,153,2011,male,23610,43897
գրիգոր,152,2011,male,23610,43897
էդգար,151,2011,male,23610,43897
հակոբ,146,2011,male,23610,43897
անդրանիկ,143,2011,male,23610,43897
դանիել,142,2011,male,23610,43897
ռաֆայել,138,2011,male,23610,43897
ալեքսանդր,127,2011,male,23610,43897
արեգ,127,2011,male,23610,43897
ավետ,121,2011,male,23610,43897
վահան,118,2011,male,23610,43897
մարկ,116,2011,male,23610,43897
էդուարդ,115,2011,male,23610,43897
ռազմիկ,101,2011,male,23610,43897
դավիթ,1313,2012,male,22743,42480
նարեկ,1144,2012,male,22743,42480
գոռ,808,2012,male,22743,42480
հայկ,673,2012,male,22743,42480
ալեքս,600,2012,male,22743,42480
էրիկ,599,2012,male,22743,42480
տիգրան,541,2012,male,22743,42480
արման,529,2012,male,22743,42480
սամվել,490,2012,male,22743,42480
արթուր,451,2012,male,22743,42480
ալեն,440,2012,male,22743,42480
արմեն,428,2012,male,22743,42480
արամ,414,2012,male,22743,42480
աշոտ,401,2012,male,22743,42480
արեն,348,2012,male,22743,42480
գևորգ,343,2012,male,22743,42480
արեգ,328,2012,male,22743,42480
սարգիս,322,2012,male,22743,42480
վահե,302,2012,male,22743,42480
գագիկ,302,2012,male,22743,42480
արսեն,300,2012,male,22743,42480
հովհաննես,283,2012,male,22743,42480
լևոն,282,2012,male,22743,42480
արտյոմ,270,2012,male,22743,42480
կարեն,263,2012,male,22743,42480
միքայել,231,2012,male,22743,42480
ռոբերտ,205,2012,male,22743,42480
վարդան,181,2012,male,22743,42480
մհեր,177,2012,male,22743,42480
հարություն,172,2012,male,22743,42480
սուրեն,171,2012,male,22743,42480
գարիկ,164,2012,male,22743,42480
գրիգոր,157,2012,male,22743,42480
մարկ,153,2012,male,22743,42480
դանիել,146,2012,male,22743,42480
հակոբ,145,2012,male,22743,42480
ալեքսանդր,142,2012,male,22743,42480
էդգար,140,2012,male,22743,42480
անդրանիկ,135,2012,male,22743,42480
համլետ,135,2012,male,22743,42480
ռաֆայել,134,2012,male,22743,42480
մանվել,133,2012,male,22743,42480
ռուբեն,133,2012,male,22743,42480
սերգեյ,129,2012,male,22743,42480
վահան,107,2012,male,22743,42480
արտակ,106,2012,male,22743,42480
ալբերտ,105,2012,male,22743,42480
էդուարդ,104,2012,male,22743,42480
նարե,967,2012,female,19737,42480
միլենա,852,2012,female,19737,42480
մարի,772,2012,female,19737,42480
մանե,729,2012,female,19737,42480
անի,591,2012,female,19737,42480
անահիտ,575,2012,female,19737,42480
էլեն,543,2012,female,19737,42480
աննա,474,2012,female,19737,42480
մարիամ,442,2012,female,19737,42480
մարիա,410,2012,female,19737,42480
մերի,391,2012,female,19737,42480
անգելինա,377,2012,female,19737,42480
գայանե,345,2012,female,19737,42480
եվա,299,2012,female,19737,42480
լիլիթ,294,2012,female,19737,42480
սուսաննա,288,2012,female,19737,42480
սոնա,275,2012,female,19737,42480
հասմիկ,258,2012,female,19737,42480
վիկտորյա,249,2012,female,19737,42480
գոհար,237,2012,female,19737,42480
նատալի,197,2012,female,19737,42480
կարինե,191,2012,female,19737,42480
յանա,181,2012,female,19737,42480
սոֆի,175,2012,female,19737,42480
կարինա,156,2012,female,19737,42480
ռուզաննա,155,2012,female,19737,42480
լուսինե,152,2012,female,19737,42480
արևիկ,145,2012,female,19737,42480
լիանա,140,2012,female,19737,42480
անուշ,139,2012,female,19737,42480
մարիաննա,134,2012,female,19737,42480
սյուզաննա,133,2012,female,19737,42480
թամարա,122,2012,female,19737,42480
դիանա,121,2012,female,19737,42480
մարինա,116,2012,female,19737,42480
սյուզի,116,2012,female,19737,42480
արմինե,113,2012,female,19737,42480
էլինա,112,2012,female,19737,42480
վիկա,103,2012,female,19737,42480
աստղիկ,102,2012,female,19737,42480
նանե,100,2012,female,19737,42480
նարինե,99,2012,female,19737,42480
սվետլանա,98,2012,female,19737,42480
լիլի,96,2012,female,19737,42480
սեդա,96,2012,female,19737,42480
սոֆյա,95,2012,female,19737,42480
մոնիկա,95,2012,female,19737,42480
սառա,94,2012,female,19737,42480
նարե,955,2013,female,19638,41790
մարի,813,2013,female,19638,41790
մանե,680,2013,female,19638,41790
միլենա,671,2013,female,19638,41790
անի,546,2013,female,19638,41790
էլեն,509,2013,female,19638,41790
անահիտ,505,2013,female,19638,41790
մարիա,495,2013,female,19638,41790
մարիամ,428,2013,female,19638,41790
աննա,407,2013,female,19638,41790
անգելինա,400,2013,female,19638,41790
մերի,379,2013,female,19638,41790
գայանե,358,2013,female,19638,41790
եվա,333,2013,female,19638,41790
սոնա,294,2013,female,19638,41790
լիլիթ,285,2013,female,19638,41790
հասմիկ,271,2013,female,19638,41790
գոհար,256,2013,female,19638,41790
նատալի,248,2013,female,19638,41790
վիկտորյա,248,2013,female,19638,41790
սուսաննա,239,2013,female,19638,41790
կարինե,199,2013,female,19638,41790
յանա,184,2013,female,19638,41790
սոֆի,174,2013,female,19638,41790
ռուզաննա,156,2013,female,19638,41790
լուսինե,155,2013,female,19638,41790
անուշ,154,2013,female,19638,41790
լիլի,141,2013,female,19638,41790
լիանա,137,2013,female,19638,41790
էլինա,132,2013,female,19638,41790
մոնիկա,131,2013,female,19638,41790
նանե,127,2013,female,19638,41790
կարինա,126,2013,female,19638,41790
արփի,123,2013,female,19638,41790
արևիկ,122,2013,female,19638,41790
մարինա,113,2013,female,19638,41790
սվետլանա,112,2013,female,19638,41790
էմիլի,111,2013,female,19638,41790
սյուզաննա,108,2013,female,19638,41790
թամարա,107,2013,female,19638,41790
մարիաննա,105,2013,female,19638,41790
սառա,103,2013,female,19638,41790
դիանա,100,2013,female,19638,41790
սյուզի,99,2013,female,19638,41790
նարինե,99,2013,female,19638,41790
լիա,98,2013,female,19638,41790
արմինե,95,2013,female,19638,41790
մարինե,94,2013,female,19638,41790
անժելա,92,2013,female,19638,41790
տաթև,92,2013,female,19638,41790
դավիթ,1403,2013,male,22152,41790
նարեկ,1150,2013,male,22152,41790
գոռ,683,2013,male,22152,41790
ալեքս,612,2013,male,22152,41790
հայկ,587,2013,male,22152,41790
էրիկ,496,2013,male,22152,41790
սամվել,484,2013,male,22152,41790
արթուր,476,2013,male,22152,41790
տիգրան,470,2013,male,22152,41790
ալեն,462,2013,male,22152,41790
արման,452,2013,male,22152,41790
արամ,403,2013,male,22152,41790
արմեն,400,2013,male,22152,41790
աշոտ,382,2013,male,22152,41790
արեն,352,2013,male,22152,41790
գագիկ,319,2013,male,22152,41790
հովհաննես,307,2013,male,22152,41790
գևորգ,298,2013,male,22152,41790
վահե,294,2013,male,22152,41790
սարգիս,289,2013,male,22152,41790
արտյոմ,287,2013,male,22152,41790
լևոն,280,2013,male,22152,41790
միքայել,272,2013,male,22152,41790
արսեն,270,2013,male,22152,41790
կարեն,265,2013,male,22152,41790
արեգ,252,2013,male,22152,41790
ռոբերտ,233,2013,male,22152,41790
վարդան,188,2013,male,22152,41790
դանիել,187,2013,male,22152,41790
մարկ,179,2013,male,22152,41790
հակոբ,164,2013,male,22152,41790
ալեքսանդր,163,2013,male,22152,41790
հարություն,162,2013,male,22152,41790
սուրեն,154,2013,male,22152,41790
մհեր,154,2013,male,22152,41790
գրիգոր,153,2013,male,22152,41790
ռուբեն,151,2013,male,22152,41790
անդրանիկ,144,2013,male,22152,41790
գարիկ,136,2013,male,22152,41790
ռաֆայել,129,2013,male,22152,41790
ալբերտ,128,2013,male,22152,41790
սերգեյ,118,2013,male,22152,41790
էդգար,116,2013,male,22152,41790
համլետ,115,2013,male,22152,41790
վահագն,90,2013,male,22152,41790
էդուարդ,90,2013,male,22152,41790
վահան,89,2013,male,22152,41790
մանվել,88,2013,male,22152,41790
խաչիկ,88,2013,male,22152,41790
հրաչ,88,2013,male,22152,41790
նարե,866,2014,female,20162,43031
մարի,700,2014,female,20162,43031
միլենա,683,2014,female,20162,43031
մանե,675,2014,female,20162,43031
անի,543,2014,female,20162,43031
մարիա,531,2014,female,20162,43031
անահիտ,529,2014,female,20162,43031
մարիամ,514,2014,female,20162,43031
էլեն,514,2014,female,20162,43031
անգելինա,491,2014,female,20162,43031
աննա,432,2014,female,20162,43031
եվա,387,2014,female,20162,43031
գայանե,368,2014,female,20162,43031
մերի,351,2014,female,20162,43031
լիլիթ,289,2014,female,20162,43031
նատալի,282,2014,female,20162,43031
գոհար,270,2014,female,20162,43031
սոնա,265,2014,female,20162,43031
սուսաննա,256,2014,female,20162,43031
հասմիկ,251,2014,female,20162,43031
էմիլի,224,2014,female,20162,43031
վիկտորյա,217,2014,female,20162,43031
կարինե,186,2014,female,20162,43031
յանա,186,2014,female,20162,43031
սոֆի,180,2014,female,20162,43031
լիլի,177,2014,female,20162,43031
արփի,167,2014,female,20162,43031
էլինա,160,2014,female,20162,43031
ռուզաննա,159,2014,female,20162,43031
արևիկ,151,2014,female,20162,43031
անուշ,143,2014,female,20162,43031
լուսինե,139,2014,female,20162,43031
կարինա,132,2014,female,20162,43031
արինա,126,2014,female,20162,43031
լիանա,126,2014,female,20162,43031
սառա,123,2014,female,20162,43031
լյուսի,123,2014,female,20162,43031
մոնիկա,115,2014,female,20162,43031
նարինե,110,2014,female,20162,43031
նանե,105,2014,female,20162,43031
սյուզաննա,104,2014,female,20162,43031
դիանա,102,2014,female,20162,43031
լիա,102,2014,female,20162,43031
սվետլանա,101,2014,female,20162,43031
արմինե,100,2014,female,20162,43031
սեդա,97,2014,female,20162,43031
դավիթ,1543,2014,male,22869,43031
նարեկ,1169,2014,male,22869,43031
ալեքս,688,2014,male,22869,43031
գոռ,633,2014,male,22869,43031
տիգրան,633,2014,male,22869,43031
հայկ,606,2014,male,22869,43031
արման,502,2014,male,22869,43031
արթուր,495,2014,male,22869,43031
էրիկ,492,2014,male,22869,43031
ալեն,484,2014,male,22869,43031
սամվել,469,2014,male,22869,43031
արմեն,438,2014,male,22869,43031
աշոտ,395,2014,male,22869,43031
արամ,350,2014,male,22869,43031
արեն,346,2014,male,22869,43031
արտյոմ,337,2014,male,22869,43031
գագիկ,314,2014,male,22869,43031
գևորգ,301,2014,male,22869,43031
սարգիս,296,2014,male,22869,43031
արսեն,289,2014,male,22869,43031
հովհաննես,284,2014,male,22869,43031
միքայել,278,2014,male,22869,43031
լևոն,271,2014,male,22869,43031
վահե,268,2014,male,22869,43031
արեգ,260,2014,male,22869,43031
ռոբերտ,240,2014,male,22869,43031
կարեն,239,2014,male,22869,43031
դանիել,230,2014,male,22869,43031
մարկ,210,2014,male,22869,43031
վարդան,185,2014,male,22869,43031
սուրեն,176,2014,male,22869,43031
մհեր,170,2014,male,22869,43031
անդրանիկ,160,2014,male,22869,43031
ռուբեն,159,2014,male,22869,43031
հարություն,152,2014,male,22869,43031
հակոբ,149,2014,male,22869,43031
էդգար,142,2014,male,22869,43031
գարիկ,141,2014,male,22869,43031
ալեքսանդր,138,2014,male,22869,43031
գրիգոր,136,2014,male,22869,43031
ռաֆայել,119,2014,male,22869,43031
սերգեյ,117,2014,male,22869,43031
ալբերտ,110,2014,male,22869,43031
էդուարդ,105,2014,male,22869,43031
ավետ,97,2014,male,22869,43031
համլետ,95,2014,male,22869,43031
դավիթ,1568,2015,male,22133,41763
նարեկ,1176,2015,male,22133,41763
ալեքս,630,2015,male,22133,41763
տիգրան,624,2015,male,22133,41763
հայկ,605,2015,male,22133,41763
գոռ,522,2015,male,22133,41763
էրիկ,494,2015,male,22133,41763
արման,485,2015,male,22133,41763
արթուր,439,2015,male,22133,41763
ալեն,421,2015,male,22133,41763
սամվել,420,2015,male,22133,41763
արմեն,382,2015,male,22133,41763
աշոտ,372,2015,male,22133,41763
արամ,355,2015,male,22133,41763
արեն,327,2015,male,22133,41763
գևորգ,319,2015,male,22133,41763
արտյոմ,305,2015,male,22133,41763
գագիկ,304,2015,male,22133,41763
միքայել,274,2015,male,22133,41763
սարգիս,272,2015,male,22133,41763
մարկ,271,2015,male,22133,41763
վահե,271,2015,male,22133,41763
արեգ,270,2015,male,22133,41763
արսեն,265,2015,male,22133,41763
կարեն,244,2015,male,22133,41763
ռոբերտ,240,2015,male,22133,41763
լևոն,228,2015,male,22133,41763
հովհաննես,228,2015,male,22133,41763
դանիել,223,2015,male,22133,41763
վարդան,193,2015,male,22133,41763
անդրանիկ,158,2015,male,22133,41763
հակոբ,158,2015,male,22133,41763
մհեր,151,2015,male,22133,41763
սուրեն,148,2015,male,22133,41763
ռուբեն,147,2015,male,22133,41763
հարություն,145,2015,male,22133,41763
գրիգոր,139,2015,male,22133,41763
ալեքսանդր,137,2015,male,22133,41763
էդգար,124,2015,male,22133,41763
ռաֆայել,122,2015,male,22133,41763
համլետ,119,2015,male,22133,41763
գարիկ,118,2015,male,22133,41763
սերգեյ,116,2015,male,22133,41763
ավետ,110,2015,male,22133,41763
ալբերտ,109,2015,male,22133,41763
մանվել,102,2015,male,22133,41763
նարե,740,2015,female,19630,41763
մարի,634,2015,female,19630,41763
մարիա,608,2015,female,19630,41763
մանե,565,2015,female,19630,41763
մարիամ,530,2015,female,19630,41763
անգելինա,513,2015,female,19630,41763
անի,512,2015,female,19630,41763
միլենա,507,2015,female,19630,41763
անահիտ,500,2015,female,19630,41763
էլեն,453,2015,female,19630,41763
արփի,408,2015,female,19630,41763
աննա,362,2015,female,19630,41763
եվա,350,2015,female,19630,41763
գայանե,330,2015,female,19630,41763
մերի,295,2015,female,19630,41763
սոնա,291,2015,female,19630,41763
նատալի,281,2015,female,19630,41763
լիլիթ,253,2015,female,19630,41763
հասմիկ,240,2015,female,19630,41763
սուսաննա,232,2015,female,19630,41763
գոհար,211,2015,female,19630,41763
սոֆի,204,2015,female,19630,41763
կարինե,202,2015,female,19630,41763
յանա,201,2015,female,19630,41763
լիլի,192,2015,female,19630,41763
վիկտորյա,191,2015,female,19630,41763
էմիլի,189,2015,female,19630,41763
արևիկ,175,2015,female,19630,41763
անուշ,166,2015,female,19630,41763
ռուզաննա,153,2015,female,19630,41763
արինա,146,2015,female,19630,41763
ռիտա,145,2015,female,19630,41763
տաթև,143,2015,female,19630,41763
նանե,138,2015,female,19630,41763
կարինա,137,2015,female,19630,41763
լիանա,134,2015,female,19630,41763
էլինա,131,2015,female,19630,41763
լյուսի,127,2015,female,19630,41763
արիանա,123,2015,female,19630,41763
լուսինե,120,2015,female,19630,41763
նարինե,118,2015,female,19630,41763
լինա,113,2015,female,19630,41763
սառա,109,2015,female,19630,41763
թամարա,107,2015,female,19630,41763
մոնիկա,107,2015,female,19630,41763
աստղիկ,99,2015,female,19630,41763
դավիթ,1549,2016,male,21445,40592
նարեկ,1183,2016,male,21445,40592
ալեքս,607,2016,male,21445,40592
տիգրան,566,2016,male,21445,40592
հայկ,558,2016,male,21445,40592
գոռ,543,2016,male,21445,40592
արթուր,429,2016,male,21445,40592
արմեն,417,2016,male,21445,40592
մարկ,414,2016,male,21445,40592
էրիկ,400,2016,male,21445,40592
արամ,390,2016,male,21445,40592
սամվել,378,2016,male,21445,40592
արման,368,2016,male,21445,40592
ալեն,360,2016,male,21445,40592
աշոտ,359,2016,male,21445,40592
արեն,348,2016,male,21445,40592
գագիկ,294,2016,male,21445,40592
դանիել,289,2016,male,21445,40592
արեգ,286,2016,male,21445,40592
ռոբերտ,285,2016,male,21445,40592
արտյոմ,275,2016,male,21445,40592
արսեն,271,2016,male,21445,40592
միքայել,269,2016,male,21445,40592
սարգիս,264,2016,male,21445,40592
հովհաննես,263,2016,male,21445,40592
վահե,259,2016,male,21445,40592
կարեն,237,2016,male,21445,40592
գևորգ,233,2016,male,21445,40592
լևոն,230,2016,male,21445,40592
վարդան,177,2016,male,21445,40592
ռուբեն,157,2016,male,21445,40592
սուրեն,151,2016,male,21445,40592
հակոբ,148,2016,male,21445,40592
մհեր,143,2016,male,21445,40592
անդրանիկ,137,2016,male,21445,40592
ավետ,132,2016,male,21445,40592
գրիգոր,127,2016,male,21445,40592
ռաֆայել,127,2016,male,21445,40592
ալեքսանդր,122,2016,male,21445,40592
մոնթե,121,2016,male,21445,40592
հարություն,118,2016,male,21445,40592
էդուարդ,109,2016,male,21445,40592
ալբերտ,98,2016,male,21445,40592
գարիկ,97,2016,male,21445,40592
համլետ,95,2016,male,21445,40592
մաքս,93,2016,male,21445,40592
մարիա,746,2016,female,19147,40592
նարե,708,2016,female,19147,40592
մանե,656,2016,female,19147,40592
մարի,551,2016,female,19147,40592
մարիամ,529,2016,female,19147,40592
անի,523,2016,female,19147,40592
անգելինա,492,2016,female,19147,40592
անահիտ,469,2016,female,19147,40592
էլեն,446,2016,female,19147,40592
միլենա,444,2016,female,19147,40592
եվա,367,2016,female,19147,40592
աննա,367,2016,female,19147,40592
արփի,340,2016,female,19147,40592
գայանե,322,2016,female,19147,40592
լիլիթ,273,2016,female,19147,40592
մերի,262,2016,female,19147,40592
վիկտորյա,258,2016,female,19147,40592
արինա,255,2016,female,19147,40592
յանա,243,2016,female,19147,40592
սոնա,237,2016,female,19147,40592
նատալի,224,2016,female,19147,40592
գոհար,220,2016,female,19147,40592
հասմիկ,208,2016,female,19147,40592
սոֆի,185,2016,female,19147,40592
էմիլի,181,2016,female,19147,40592
սուսաննա,180,2016,female,19147,40592
արևիկ,169,2016,female,19147,40592
կարինե,168,2016,female,19147,40592
լյուսի,166,2016,female,19147,40592
արիանա,163,2016,female,19147,40592
տաթև,153,2016,female,19147,40592
լիկա,146,2016,female,19147,40592
ռուզաննա,144,2016,female,19147,40592
լիլի,143,2016,female,19147,40592
սոֆյա,141,2016,female,19147,40592
անուշ,136,2016,female,19147,40592
էլինա,135,2016,female,19147,40592
սառա,130,2016,female,19147,40592
նանե,130,2016,female,19147,40592
էվա,128,2016,female,19147,40592
լիանա,126,2016,female,19147,40592
մոնիկա,125,2016,female,19147,40592
կարինա,123,2016,female,19147,40592
լիա,107,2016,female,19147,40592
նարինե,102,2016,female,19147,40592
լուսինե,100,2016,female,19147,40592
դավիթ,1450,2017,male,19731,37700
նարեկ,1058,2017,male,19731,37700
տիգրան,608,2017,male,19731,37700
հայկ,569,2017,male,19731,37700
ալեքս,513,2017,male,19731,37700
մարկ,490,2017,male,19731,37700
գոռ,455,2017,male,19731,37700
արամ,404,2017,male,19731,37700
արթուր,398,2017,male,19731,37700
սամվել,390,2017,male,19731,37700
արմեն,356,2017,male,19731,37700
արման,350,2017,male,19731,37700
արեն,339,2017,male,19731,37700
էրիկ,328,2017,male,19731,37700
ալեն,317,2017,male,19731,37700
աշոտ,299,2017,male,19731,37700
միքայել,293,2017,male,19731,37700
արսեն,272,2017,male,19731,37700
ռոբերտ,271,2017,male,19731,37700
դանիել,267,2017,male,19731,37700
հովհաննես,261,2017,male,19731,37700
գագիկ,257,2017,male,19731,37700
գևորգ,254,2017,male,19731,37700
արեգ,254,2017,male,19731,37700
լևոն,232,2017,male,19731,37700
արտյոմ,230,2017,male,19731,37700
վահե,228,2017,male,19731,37700
սարգիս,213,2017,male,19731,37700
կարեն,202,2017,male,19731,37700
վարդան,178,2017,male,19731,37700
մոնթե,147,2017,male,19731,37700
մհեր,141,2017,male,19731,37700
ռուբեն,137,2017,male,19731,37700
անդրանիկ,132,2017,male,19731,37700
հակոբ,131,2017,male,19731,37700
հարություն,114,2017,male,19731,37700
ավետ,109,2017,male,19731,37700
ռաֆայել,109,2017,male,19731,37700
գրիգոր,109,2017,male,19731,37700
գարիկ,106,2017,male,19731,37700
սուրեն,105,2017,male,19731,37700
համլետ,105,2017,male,19731,37700
ալեքսանդր,99,2017,male,19731,37700
հենրի,94,2017,male,19731,37700
սերգեյ,85,2017,male,19731,37700
վահան,82,2017,male,19731,37700
նարե,708,2017,female,17969,37700
մարիա,674,2017,female,17969,37700
մարի,589,2017,female,17969,37700
մանե,539,2017,female,17969,37700
անի,456,2017,female,17969,37700
անահիտ,426,2017,female,17969,37700
մարիամ,425,2017,female,17969,37700
անգելինա,423,2017,female,17969,37700
էլեն,412,2017,female,17969,37700
միլենա,411,2017,female,17969,37700
աննա,383,2017,female,17969,37700
եվա,372,2017,female,17969,37700
արփի,367,2017,female,17969,37700
գայանե,276,2017,female,17969,37700
յանա,262,2017,female,17969,37700
վիկտորյա,253,2017,female,17969,37700
սոֆի,250,2017,female,17969,37700
լիլիթ,250,2017,female,17969,37700
նատալի,226,2017,female,17969,37700
սոնա,220,2017,female,17969,37700
արինա,216,2017,female,17969,37700
գոհար,205,2017,female,17969,37700
հասմիկ,201,2017,female,17969,37700
մերի,200,2017,female,17969,37700
էմիլի,188,2017,female,17969,37700
տաթև,185,2017,female,17969,37700
սոֆյա,181,2017,female,17969,37700
արևիկ,178,2017,female,17969,37700
արիանա,171,2017,female,17969,37700
սուսաննա,169,2017,female,17969,37700
լյուսի,154,2017,female,17969,37700
կարինե,151,2017,female,17969,37700
էվա,148,2017,female,17969,37700
կարինա,143,2017,female,17969,37700
նանե,136,2017,female,17969,37700
սառա,130,2017,female,17969,37700
էլինա,130,2017,female,17969,37700
լիլի,124,2017,female,17969,37700
լիանա,121,2017,female,17969,37700
մոնիկա,121,2017,female,17969,37700
ռուզաննա,117,2017,female,17969,37700
լուսինե,113,2017,female,17969,37700
լիկա,112,2017,female,17969,37700
նարինե,104,2017,female,17969,37700
արմինե,97,2017,female,17969,37700
անուշ,97,2017,female,17969,37700
նարե,658,2018,female,17322,36574
մարիա,599,2018,female,17322,36574
մանե,498,2018,female,17322,36574
մարի,487,2018,female,17322,36574
արփի,426,2018,female,17322,36574
մարիամ,399,2018,female,17322,36574
էլեն,399,2018,female,17322,36574
անահիտ,394,2018,female,17322,36574
միլենա,387,2018,female,17322,36574
եվա,384,2018,female,17322,36574
անի,371,2018,female,17322,36574
անգելինա,366,2018,female,17322,36574
աննա,319,2018,female,17322,36574
գայանե,268,2018,female,17322,36574
յանա,256,2018,female,17322,36574
սոֆի,227,2018,female,17322,36574
լիլիթ,222,2018,female,17322,36574
սոնա,221,2018,female,17322,36574
սոֆյա,221,2018,female,17322,36574
լյուսի,221,2018,female,17322,36574
ադրիանա,220,2018,female,17322,36574
էվա,216,2018,female,17322,36574
արիանա,216,2018,female,17322,36574
վիկտորյա,208,2018,female,17322,36574
արինա,188,2018,female,17322,36574
նատալի,188,2018,female,17322,36574
մերի,185,2018,female,17322,36574
սուսաննա,183,2018,female,17322,36574
տաթև,176,2018,female,17322,36574
հասմիկ,170,2018,female,17322,36574
արևիկ,161,2018,female,17322,36574
մոնիկա,156,2018,female,17322,36574
նանե,156,2018,female,17322,36574
էլինա,151,2018,female,17322,36574
գոհար,151,2018,female,17322,36574
սառա,140,2018,female,17322,36574
էմիլի,139,2018,female,17322,36574
կարինե,132,2018,female,17322,36574
կարինա,132,2018,female,17322,36574
լիա,110,2018,female,17322,36574
լիլի,110,2018,female,17322,36574
ռուզաննա,109,2018,female,17322,36574
լուսինե,108,2018,female,17322,36574
անուշ,99,2018,female,17322,36574
աստղիկ,95,2018,female,17322,36574
արմինե,93,2018,female,17322,36574
դավիթ,1404,2018,male,19252,36574
նարեկ,1084,2018,male,19252,36574
հայկ,536,2018,male,19252,36574
տիգրան,525,2018,male,19252,36574
մարկ,522,2018,male,19252,36574
ալեքս,469,2018,male,19252,36574
արեն,424,2018,male,19252,36574
արթուր,412,2018,male,19252,36574
գոռ,410,2018,male,19252,36574
սամվել,350,2018,male,19252,36574
արմեն,348,2018,male,19252,36574
դանիել,335,2018,male,19252,36574
ալեն,335,2018,male,19252,36574
արամ,332,2018,male,19252,36574
արման,321,2018,male,19252,36574
միքայել,296,2018,male,19252,36574
ռոբերտ,295,2018,male,19252,36574
աշոտ,284,2018,male,19252,36574
էրիկ,275,2018,male,19252,36574
գևորգ,265,2018,male,19252,36574
արեգ,265,2018,male,19252,36574
լևոն,257,2018,male,19252,36574
գագիկ,251,2018,male,19252,36574
արսեն,241,2018,male,19252,36574
սարգիս,225,2018,male,19252,36574
հովհաննես,212,2018,male,19252,36574
մոնթե,204,2018,male,19252,36574
արտյոմ,203,2018,male,19252,36574
վահե,202,2018,male,19252,36574
կարեն,199,2018,male,19252,36574
մաքս,180,2018,male,19252,36574
վարդան,154,2018,male,19252,36574
ավետ,146,2018,male,19252,36574
սուրեն,132,2018,male,19252,36574
անդրանիկ,131,2018,male,19252,36574
մհեր,121,2018,male,19252,36574
հակոբ,119,2018,male,19252,36574
ռաֆայել,108,2018,male,19252,36574
հենրի,101,2018,male,19252,36574
հարություն,101,2018,male,19252,36574
ալեքսանդր,100,2018,male,19252,36574
գրիգոր,97,2018,male,19252,36574
ռուբեն,97,2018,male,19252,36574
ալբերտ,90,2018,male,19252,36574
գարիկ,90,2018,male,19252,36574
էդգար,89,2018,male,19252,36574
նարե,686,2019,female,17128,36041
մարիա,584,2019,female,17128,36041
արփի,444,2019,female,17128,36041
եվա,438,2019,female,17128,36041
մանե,434,2019,female,17128,36041
անգելինա,433,2019,female,17128,36041
մարի,428,2019,female,17128,36041
անահիտ,378,2019,female,17128,36041
էլեն,356,2019,female,17128,36041
մարիամ,350,2019,female,17128,36041
անի,350,2019,female,17128,36041
աննա,337,2019,female,17128,36041
միլենա,295,2019,female,17128,36041
գայանե,290,2019,female,17128,36041
ադրիանա,279,2019,female,17128,36041
սոֆի,267,2019,female,17128,36041
տաթև,242,2019,female,17128,36041
էվա,235,2019,female,17128,36041
յանա,235,2019,female,17128,36041
արիանա,227,2019,female,17128,36041
սոֆյա,226,2019,female,17128,36041
էլինա,208,2019,female,17128,36041
արինա,204,2019,female,17128,36041
լյուսի,195,2019,female,17128,36041
սոնա,193,2019,female,17128,36041
նատալի,191,2019,female,17128,36041
լիլիթ,182,2019,female,17128,36041
հասմիկ,174,2019,female,17128,36041
նանե,173,2019,female,17128,36041
վիկտորյա,170,2019,female,17128,36041
սառա,168,2019,female,17128,36041
մերի,166,2019,female,17128,36041
գոհար,160,2019,female,17128,36041
ռուզաննա,153,2019,female,17128,36041
սուսաննա,148,2019,female,17128,36041
էմիլի,146,2019,female,17128,36041
կարինե,137,2019,female,17128,36041
մոնիկա,134,2019,female,17128,36041
արևիկ,133,2019,female,17128,36041
կարինա,132,2019,female,17128,36041
լիա,127,2019,female,17128,36041
անուշ,101,2019,female,17128,36041
լինա,95,2019,female,17128,36041
լուսինե,95,2019,female,17128,36041
նարինե,94,2019,female,17128,36041
արմինե,94,2019,female,17128,36041
դավիթ,1403,2019,male,18913,36041
նարեկ,923,2019,male,18913,36041
հայկ,575,2019,male,18913,36041
մարկ,549,2019,male,18913,36041
տիգրան,530,2019,male,18913,36041
ալեքս,482,2019,male,18913,36041
միքայել,442,2019,male,18913,36041
արթուր,414,2019,male,18913,36041
գոռ,394,2019,male,18913,36041
արեն,383,2019,male,18913,36041
արեգ,377,2019,male,18913,36041
ալեն,366,2019,male,18913,36041
արմեն,356,2019,male,18913,36041
արամ,343,2019,male,18913,36041
սամվել,308,2019,male,18913,36041
մոնթե,307,2019,male,18913,36041
դանիել,304,2019,male,18913,36041
աշոտ,297,2019,male,18913,36041
արման,274,2019,male,18913,36041
լևոն,243,2019,male,18913,36041
ռոբերտ,241,2019,male,18913,36041
գագիկ,235,2019,male,18913,36041
գևորգ,226,2019,male,18913,36041
արսեն,226,2019,male,18913,36041
սարգիս,225,2019,male,18913,36041
էրիկ,225,2019,male,18913,36041
հովհաննես,217,2019,male,18913,36041
լեո,197,2019,male,18913,36041
վահե,191,2019,male,18913,36041
արտյոմ,179,2019,male,18913,36041
վարդան,168,2019,male,18913,36041
կարեն,163,2019,male,18913,36041
մաքս,150,2019,male,18913,36041
ավետ,143,2019,male,18913,36041
մհեր,123,2019,male,18913,36041
անդրանիկ,120,2019,male,18913,36041
ռաֆայել,105,2019,male,18913,36041
սուրեն,104,2019,male,18913,36041
ալեքսանդր,101,2019,male,18913,36041
հարություն,100,2019,male,18913,36041
գրիգոր,92,2019,male,18913,36041
հակոբ,89,2019,male,18913,36041
էդուարդ,84,2019,male,18913,36041
էդգար,83,2019,male,18913,36041
ռուբեն,81,2019,male,18913,36041
վաչե,78,2019,male,18913,36041
նարե,745,2020,female,17299,36352
մարիա,613,2020,female,17299,36352
անգելինա,592,2020,female,17299,36352
արփի,503,2020,female,17299,36352
մանե,437,2020,female,17299,36352
եվա,402,2020,female,17299,36352
աննա,368,2020,female,17299,36352
մարի,356,2020,female,17299,36352
մարիամ,354,2020,female,17299,36352
անի,345,2020,female,17299,36352
անահիտ,333,2020,female,17299,36352
էլեն,321,2020,female,17299,36352
արիանա,276,2020,female,17299,36352
սոֆի,269,2020,female,17299,36352
միլենա,259,2020,female,17299,36352
ադրիանա,253,2020,female,17299,36352
յանա,253,2020,female,17299,36352
գայանե,245,2020,female,17299,36352
տաթև,234,2020,female,17299,36352
էվա,226,2020,female,17299,36352
լյուսի,221,2020,female,17299,36352
սոնա,217,2020,female,17299,36352
արինա,217,2020,female,17299,36352
էլինա,203,2020,female,17299,36352
նանե,198,2020,female,17299,36352
նատալի,179,2020,female,17299,36352
սուսաննա,178,2020,female,17299,36352
վիկտորյա,176,2020,female,17299,36352
հասմիկ,165,2020,female,17299,36352
սոֆյա,164,2020,female,17299,36352
լիլիթ,158,2020,female,17299,36352
միլա,151,2020,female,17299,36352
գոհար,146,2020,female,17299,36352
էմիլի,145,2020,female,17299,36352
սառա,144,2020,female,17299,36352
արևիկ,142,2020,female,17299,36352
լիա,140,2020,female,17299,36352
մերի,122,2020,female,17299,36352
կարինա,122,2020,female,17299,36352
դիանա,110,2020,female,17299,36352
կարինե,108,2020,female,17299,36352
մոնիկա,103,2020,female,17299,36352
դավիթ,1346,2020,male,19053,36352
նարեկ,902,2020,male,19053,36352
հայկ,610,2020,male,19053,36352
մարկ,579,2020,male,19053,36352
մոնթե,570,2020,male,19053,36352
տիգրան,539,2020,male,19053,36352
արեգ,513,2020,male,19053,36352
միքայել,450,2020,male,19053,36352
ալեքս,377,2020,male,19053,36352
ալեն,377,2020,male,19053,36352
արթուր,370,2020,male,19053,36352
արեն,366,2020,male,19053,36352
դանիել,343,2020,male,19053,36352
արմեն,331,2020,male,19053,36352
գոռ,327,2020,male,19053,36352
սամվել,319,2020,male,19053,36352
լեո,299,2020,male,19053,36352
արամ,292,2020,male,19053,36352
հովհաննես,282,2020,male,19053,36352
արման,282,2020,male,19053,36352
աշոտ,276,2020,male,19053,36352
ռոբերտ,262,2020,male,19053,36352
լևոն,226,2020,male,19053,36352
արսեն,220,2020,male,19053,36352
էրիկ,217,2020,male,19053,36352
գագիկ,204,2020,male,19053,36352
վահե,198,2020,male,19053,36352
սարգիս,195,2020,male,19053,36352
գևորգ,191,2020,male,19053,36352
արտյոմ,167,2020,male,19053,36352
վարդան,166,2020,male,19053,36352
ավետ,147,2020,male,19053,36352
կարեն,138,2020,male,19053,36352
մհեր,124,2020,male,19053,36352
անդրանիկ,122,2020,male,19053,36352
ռուբեն,110,2020,male,19053,36352
հակոբ,109,2020,male,19053,36352
հարություն,109,2020,male,19053,36352
մաքս,105,2020,male,19053,36352
սուրեն,103,2020,male,19053,36352
գրիգոր,99,2020,male,19053,36352
ռաֆայել,88,2020,male,19053,36352
նարե,758,2021,female,17566,36623
մարիա,635,2021,female,17566,36623
արփի,540,2021,female,17566,36623
մանե,493,2021,female,17566,36623
անգելինա,444,2021,female,17566,36623
մարի,402,2021,female,17566,36623
եվա,396,2021,female,17566,36623
մարիամ,357,2021,female,17566,36623
անահիտ,338,2021,female,17566,36623
աննա,305,2021,female,17566,36623
սոֆի,302,2021,female,17566,36623
անի,294,2021,female,17566,36623
էլեն,284,2021,female,17566,36623
միլենա,279,2021,female,17566,36623
լյուսի,277,2021,female,17566,36623
էվա,263,2021,female,17566,36623
արիանա,259,2021,female,17566,36623
ադրիանա,247,2021,female,17566,36623
լուսե,245,2021,female,17566,36623
տաթև,237,2021,female,17566,36623
յանա,231,2021,female,17566,36623
գայանե,226,2021,female,17566,36623
նանե,224,2021,female,17566,36623
միլա,202,2021,female,17566,36623
արինա,193,2021,female,17566,36623
էմիլի,187,2021,female,17566,36623
էլինա,186,2021,female,17566,36623
սոնա,186,2021,female,17566,36623
լիլիթ,176,2021,female,17566,36623
նատալի,170,2021,female,17566,36623
սառա,160,2021,female,17566,36623
ամելի,155,2021,female,17566,36623
դավիթ,1275,2021,male,19057,36623
նարեկ,859,2021,male,19057,36623
մոնթե,647,2021,male,19057,36623
տիգրան,584,2021,male,19057,36623
արեգ,564,2021,male,19057,36623
հայկ,550,2021,male,19057,36623
մարկ,507,2021,male,19057,36623
միքայել,448,2021,male,19057,36623
ալեքս,385,2021,male,19057,36623
արեն,355,2021,male,19057,36623
արմեն,346,2021,male,19057,36623
ռոբերտ,339,2021,male,19057,36623
գոռ,326,2021,male,19057,36623
դանիել,323,2021,male,19057,36623
արթուր,321,2021,male,19057,36623
արամ,318,2021,male,19057,36623
լեո,310,2021,male,19057,36623
հովհաննես,303,2021,male,19057,36623
սամվել,298,2021,male,19057,36623
ալեն,287,2021,male,19057,36623
աշոտ,255,2021,male,19057,36623
արման,255,2021,male,19057,36623
լևոն,252,2021,male,19057,36623
էրիկ,232,2021,male,19057,36623
գևորգ,219,2021,male,19057,36623
գագիկ,213,2021,male,19057,36623
վահե,209,2021,male,19057,36623
արսեն,195,2021,male,19057,36623
սարգիս,186,2021,male,19057,36623
արտյոմ,176,2021,male,19057,36623
վարդան,154,2021,male,19057,36623
կարեն,152,2021,male,19057,36623
դավիթ,1255,2022,male,19236,36375
նարեկ,969,2022,male,19236,36375
հայկ,612,2022,male,19236,36375
մոնթե,574,2022,male,19236,36375
տիգրան,544,2022,male,19236,36375
արեգ,507,2022,male,19236,36375
մարկ,506,2022,male,19236,36375
միքայել,486,2022,male,19236,36375
դանիել,444,2022,male,19236,36375
ալեքս,390,2022,male,19236,36375
արթուր,385,2022,male,19236,36375
լեո,384,2022,male,19236,36375
ռոբերտ,382,2022,male,19236,36375
արեն,357,2022,male,19236,36375
արամ,352,2022,male,19236,36375
արմեն,342,2022,male,19236,36375
գոռ,334,2022,male,19236,36375
սամվել,304,2022,male,19236,36375
հովհաննես,277,2022,male,19236,36375
արման,273,2022,male,19236,36375
լևոն,254,2022,male,19236,36375
ալեն,245,2022,male,19236,36375
աշոտ,231,2022,male,19236,36375
արսեն,224,2022,male,19236,36375
գևորգ,216,2022,male,19236,36375
գագիկ,206,2022,male,19236,36375
սարգիս,177,2022,male,19236,36375
էրիկ,171,2022,male,19236,36375
ավետ,170,2022,male,19236,36375
վահե,163,2022,male,19236,36375
կարեն,161,2022,male,19236,36375
վարդան,156,2022,male,19236,36375
արտյոմ,144,2022,male,19236,36375
սուրեն,112,2022,male,19236,36375
ռաֆայել,110,2022,male,19236,36375
աբել,108,2022,male,19236,36375
մհեր,107,2022,male,19236,36375
ալեքսանդր,105,2022,male,19236,36375
վան,100,2022,male,19236,36375
անդրանիկ,98,2022,male,19236,36375
մաքս,98,2022,male,19236,36375
գրիգոր,97,2022,male,19236,36375
հենրի,96,2022,male,19236,36375
հակոբ,95,2022,male,19236,36375
վահան,93,2022,male,19236,36375
հարություն,90,2022,male,19236,36375
ալբերտ,86,2022,male,19236,36375
մենուա,85,2022,male,19236,36375
ռուբեն,84,2022,male,19236,36375
ադամ,75,2022,male,19236,36375
նարե,702,2022,female,17139,36375
արփի,544,2022,female,17139,36375
մարիա,522,2022,female,17139,36375
մանե,459,2022,female,17139,36375
լյուսի,459,2022,female,17139,36375
մարի,393,2022,female,17139,36375
անահիտ,369,2022,female,17139,36375
անգելինա,352,2022,female,17139,36375
մարիամ,342,2022,female,17139,36375
եվա,321,2022,female,17139,36375
աննա,309,2022,female,17139,36375
լուսե,285,2022,female,17139,36375
անի,282,2022,female,17139,36375
նանե,258,2022,female,17139,36375
միլենա,253,2022,female,17139,36375
էվա,247,2022,female,17139,36375
սոֆի,247,2022,female,17139,36375
արիանա,238,2022,female,17139,36375
միլա,233,2022,female,17139,36375
ադրիանա,232,2022,female,17139,36375
էլեն,228,2022,female,17139,36375
էլինա,213,2022,female,17139,36375
գայանե,208,2022,female,17139,36375
տաթև,206,2022,female,17139,36375
յանա,201,2022,female,17139,36375
էմիլի,197,2022,female,17139,36375
ամելի,192,2022,female,17139,36375
սառա,162,2022,female,17139,36375
արինա,161,2022,female,17139,36375
սոնա,159,2022,female,17139,36375
լիա,158,2022,female,17139,36375
հասմիկ,157,2022,female,17139,36375
նատալի,140,2022,female,17139,36375
գոհար,137,2022,female,17139,36375
լիլիթ,134,2022,female,17139,36375
սուսաննա,133,2022,female,17139,36375
արևիկ,129,2022,female,17139,36375
սոֆյա,119,2022,female,17139,36375
կարինա,116,2022,female,17139,36375
վիկտորյա,112,2022,female,17139,36375
մերի,110,2022,female,17139,36375
լուսի,108,2022,female,17139,36375
մոնիկա,107,2022,female,17139,36375
կարինե,102,2022,female,17139,36375
լուսէ,93,2022,female,17139,36375
միլանա,91,2022,female,17139,36375
սյունե,91,2022,female,17139,36375
ռուզաննա,89,2022,female,17139,36375
լինա,89,2022,female,17139,36375
մալենա,83,2022,female,17139,36375
նարե,758,2023,female,17370,36590
արփի,617,2023,female,17370,36590
մարիա,528,2023,female,17370,36590
լյուսի,400,2023,female,17370,36590
մանե,372,2023,female,17370,36590
եվա,370,2023,female,17370,36590
մարի,369,2023,female,17370,36590
լուսե,361,2023,female,17370,36590
անգելինա,327,2023,female,17370,36590
աննա,322,2023,female,17370,36590
անահիտ,302,2023,female,17370,36590
էլեն,301,2023,female,17370,36590
մարիամ,293,2023,female,17370,36590
արիանա,287,2023,female,17370,36590
անի,282,2023,female,17370,36590
նանե,271,2023,female,17370,36590
էմիլի,254,2023,female,17370,36590
միլա,253,2023,female,17370,36590
սոֆի,242,2023,female,17370,36590
էվա,235,2023,female,17370,36590
ամելի,223,2023,female,17370,36590
գայանե,221,2023,female,17370,36590
սառա,221,2023,female,17370,36590
միլենա,209,2023,female,17370,36590
ադրիանա,208,2023,female,17370,36590
տաթև,207,2023,female,17370,36590
էլինա,199,2023,female,17370,36590
յանա,186,2023,female,17370,36590
լիա,180,2023,female,17370,36590
արինա,176,2023,female,17370,36590
հասմիկ,154,2023,female,17370,36590
սոնա,139,2023,female,17370,36590
լիլիթ,138,2023,female,17370,36590
գոհար,135,2023,female,17370,36590
արևիկ,130,2023,female,17370,36590
կարինա,116,2023,female,17370,36590
սյունե,111,2023,female,17370,36590
մերի,111,2023,female,17370,36590
նատալի,105,2023,female,17370,36590
սուսաննա,105,2023,female,17370,36590
միլանա,104,2023,female,17370,36590
սոֆյա,100,2023,female,17370,36590
կարինե,97,2023,female,17370,36590
լինա,95,2023,female,17370,36590
նարինե,94,2023,female,17370,36590
լուսինե,80,2023,female,17370,36590
անուշ,87,2023,female,17370,36590
վիկտորյա,86,2023,female,17370,36590
արմինե,83,2023,female,17370,36590
մոնիկա,82,2023,female,17370,36590
դավիթ,1268,2023,male,19220,36590
նարեկ,913,2023,male,19220,36590
հայկ,610,2023,male,19220,36590
մարկ,575,2023,male,19220,36590
տիգրան,568,2023,male,19220,36590
միքայել,523,2023,male,19220,36590
արեգ,518,2023,male,19220,36590
մոնթե,518,2023,male,19220,36590
ռոբերտ,492,2023,male,19220,36590
լեո,455,2023,male,19220,36590
դանիել,404,2023,male,19220,36590
արմեն,400,2023,male,19220,36590
արթուր,374,2023,male,19220,36590
արամ,366,2023,male,19220,36590
արեն,339,2023,male,19220,36590
ալեքս,320,2023,male,19220,36590
գոռ,305,2023,male,19220,36590
հովհաննես,278,2023,male,19220,36590
սամվել,271,2023,male,19220,36590
արման,264,2023,male,19220,36590
լևոն,262,2023,male,19220,36590
գևորգ,223,2023,male,19220,36590
արսեն,216,2023,male,19220,36590
աշոտ,210,2023,male,19220,36590
ալեն,185,2023,male,19220,36590
ավետ,185,2023,male,19220,36590
էրիկ,180,2023,male,19220,36590
կարեն,179,2023,male,19220,36590
սարգիս,178,2023,male,19220,36590
գագիկ,176,2023,male,19220,36590
վահե,172,2023,male,19220,36590
արտյոմ,154,2023,male,19220,36590
վան,132,2023,male,19220,36590
վարդան,132,2023,male,19220,36590
աբել,128,2023,male,19220,36590
մհեր,120,2023,male,19220,36590
մաքս,116,2023,male,19220,36590
անդրանիկ,104,2023,male,19220,36590
ալեքսանդր,101,2023,male,19220,36590
ռուբեն,99,2023,male,19220,36590
հարություն,98,2023,male,19220,36590
հակոբ,92,2023,male,19220,36590
ռաֆայել,87,2023,male,19220,36590
սուրեն,83,2023,male,19220,36590
նոյ,78,2023,male,19220,36590
հենրի,75,2023,male,19220,36590
ադամ,75,2023,male,19220,36590
արտակ,71,2023,male,19220,36590
վահան,71,2023,male,19220,36590
ալբերտ,70,2023,male,19220,36590
դավիթ,1165,2024,male,17614,33648
նարեկ,835,2024,male,17614,33648
հայկ,624,2024,male,17614,33648
արեգ,558,2024,male,17614,33648
մարկ,558,2024,male,17614,33648
միքայել,522,2024,male,17614,33648
ռոբերտ,519,2024,male,17614,33648
տիգրան,505,2024,male,17614,33648
մոնթե,492,2024,male,17614,33648
լեո,476,2024,male,17614,33648
դանիել,423,2024,male,17614,33648
արեն,352,2024,male,17614,33648
արթուր,333,2024,male,17614,33648
արմեն,312,2024,male,17614,33648
արամ,297,2024,male,17614,33648
հովհաննես,281,2024,male,17614,33648
ալեքս,271,2024,male,17614,33648
գոռ,268,2024,male,17614,33648
սամվել,254,2024,male,17614,33648
լևոն,237,2024,male,17614,33648
արման,236,2024,male,17614,33648
աշոտ,206,2024,male,17614,33648
գևորգ,181,2024,male,17614,33648
ալեն,176,2024,male,17614,33648
ավետ,173,2024,male,17614,33648
արսեն,168,2024,male,17614,33648
էրիկ,159,2024,male,17614,33648
վահե,149,2024,male,17614,33648
կարեն,146,2024,male,17614,33648
սարգիս,139,2024,male,17614,33648
գագիկ,136,2024,male,17614,33648
վարդան,133,2024,male,17614,33648
աբել,118,2024,male,17614,33648
արտյոմ,112,2024,male,17614,33648
սուրեն,111,2024,male,17614,33648
վան,104,2024,male,17614,33648
մհեր,102,2024,male,17614,33648
ռաֆայել,97,2024,male,17614,33648
նոյ,88,2024,male,17614,33648
ադամ,85,2024,male,17614,33648
անդրանիկ,83,2024,male,17614,33648
ալեքսանդր,83,2024,male,17614,33648
հարություն,80,2024,male,17614,33648
հենրի,80,2024,male,17614,33648
մաքս,77,2024,male,17614,33648
անրի,75,2024,male,17614,33648
ռուբեն,75,2024,male,17614,33648
հակոբ,70,2024,male,17614,33648
մենուա,68,2024,male,17614,33648
առնո,67,2024,male,17614,33648
նարե,627,2024,female,16034,33648
լուսե,563,2024,female,16034,33648
արփի,541,2024,female,16034,33648
մարիա,486,2024,female,16034,33648
եվա,361,2024,female,16034,33648
մանե,350,2024,female,16034,33648
մարի,321,2024,female,16034,33648
մարիամ,304,2024,female,16034,33648
անահիտ,296,2024,female,16034,33648
աննա,257,2024,female,16034,33648
անի,257,2024,female,16034,33648
նանե,252,2024,female,16034,33648
անգելինա,252,2024,female,16034,33648
էլեն,249,2024,female,16034,33648
սոֆի,245,2024,female,16034,33648
էվա,241,2024,female,16034,33648
արիանա,237,2024,female,16034,33648
ամելի,229,2024,female,16034,33648
ադրիանա,227,2024,female,16034,33648
էմիլի,216,2024,female,16034,33648
միլա,213,2024,female,16034,33648
սառա,203,2024,female,16034,33648
տաթև,198,2024,female,16034,33648
լիա,191,2024,female,16034,33648
էլինա,180,2024,female,16034,33648
գայանե,177,2024,female,16034,33648
միլենա,172,2024,female,16034,33648
յանա,172,2024,female,16034,33648
սոնա,145,2024,female,16034,33648
նատալի,141,2024,female,16034,33648
սոֆիա,133,2024,female,16034,33648
արինա,125,2024,female,16034,33648
սյունե,123,2024,female,16034,33648
լիլիթ,119,2024,female,16034,33648
գոհար,119,2024,female,16034,33648
կարինա,117,2024,female,16034,33648
հասմիկ,117,2024,female,16034,33648
մերի,112,2024,female,16034,33648
ադելինա,110,2024,female,16034,33648
արևիկ,108,2024,female,16034,33648
միլանա,100,2024,female,16034,33648
լինա,98,2024,female,16034,33648
սուսաննա,91,2024,female,16034,33648
նարինե,89,2024,female,16034,33648
վիկտորյա,79,2024,female,16034,33648
լուսինե,78,2024,female,16034,33648
մոնիկա,76,2024,female,16034,33648
ադել,75,2024,female,16034,33648
արմինե,67,2024,female,16034,33648
մալենա,65,2024,female,16034,33648